Annual Income Private (min.) /Revenu privé annuel (min.),Annual Income Private (max.) /Revenu privé annuel (max.),GAINS / RRAG,Total OAS/GIS /SV/SRG total,OAS / SV,GIS / SRG,Total Monthly Income (min.) /Revenu mensuel total (min.),Total Monthly Income (max.) /Revenu mensuel total (max.) ,Monthly Income Private (min.) /Revenu privé mensuel (min.),Monthly Income Private (max.) /Revenu privé mensuel (max.)
0,23.99,83,"1,850.14",784.67,"1,065.47","1,933.14","1,935.13",0,1.99
24,47.99,82,"1,849.14",784.67,"1,064.47","1,933.14","1,935.13",2,3.99
48,71.99,81,"1,848.14",784.67,"1,063.47","1,933.14","1,935.13",4,5.99
72,95.99,80,"1,847.14",784.67,"1,062.47","1,933.14","1,935.13",6,7.99
96,119.99,79,"1,846.14",784.67,"1,061.47","1,933.14","1,935.13",8,9.99
120,143.99,78,"1,845.14",784.67,"1,060.47","1,933.14","1,935.13",10,11.99
144,167.99,77,"1,844.14",784.67,"1,059.47","1,933.14","1,935.13",12,13.99
168,191.99,76,"1,843.14",784.67,"1,058.47","1,933.14","1,935.13",14,15.99
192,215.99,75,"1,842.14",784.67,"1,057.47","1,933.14","1,935.13",16,17.99
216,239.99,74,"1,841.14",784.67,"1,056.47","1,933.14","1,935.13",18,19.99
240,263.99,73,"1,840.14",784.67,"1,055.47","1,933.14","1,935.13",20,21.99
264,287.99,72,"1,839.14",784.67,"1,054.47","1,933.14","1,935.13",22,23.99
288,311.99,71,"1,838.14",784.67,"1,053.47","1,933.14","1,935.13",24,25.99
312,335.99,70,"1,837.14",784.67,"1,052.47","1,933.14","1,935.13",26,27.99
336,359.99,69,"1,836.14",784.67,"1,051.47","1,933.14","1,935.13",28,29.99
360,383.99,68,"1,835.14",784.67,"1,050.47","1,933.14","1,935.13",30,31.99
384,407.99,67,"1,834.14",784.67,"1,049.47","1,933.14","1,935.13",32,33.99
408,431.99,66,"1,833.14",784.67,"1,048.47","1,933.14","1,935.13",34,35.99
432,455.99,65,"1,832.14",784.67,"1,047.47","1,933.14","1,935.13",36,37.99
456,479.99,64,"1,831.14",784.67,"1,046.47","1,933.14","1,935.13",38,39.99
480,503.99,63,"1,830.14",784.67,"1,045.47","1,933.14","1,935.13",40,41.99
504,527.99,62,"1,829.14",784.67,"1,044.47","1,933.14","1,935.13",42,43.99
528,551.99,61,"1,828.14",784.67,"1,043.47","1,933.14","1,935.13",44,45.99
552,575.99,60,"1,827.14",784.67,"1,042.47","1,933.14","1,935.13",46,47.99
576,599.99,59,"1,826.14",784.67,"1,041.47","1,933.14","1,935.13",48,49.99
600,623.99,58,"1,825.14",784.67,"1,040.47","1,933.14","1,935.13",50,51.99
624,647.99,57,"1,824.14",784.67,"1,039.47","1,933.14","1,935.13",52,53.99
648,671.99,56,"1,823.14",784.67,"1,038.47","1,933.14","1,935.13",54,55.99
672,695.99,55,"1,822.14",784.67,"1,037.47","1,933.14","1,935.13",56,57.99
696,719.99,54,"1,821.14",784.67,"1,036.47","1,933.14","1,935.13",58,59.99
720,743.99,53,"1,820.14",784.67,"1,035.47","1,933.14","1,935.13",60,61.99
744,767.99,52,"1,819.14",784.67,"1,034.47","1,933.14","1,935.13",62,63.99
768,791.99,51,"1,818.14",784.67,"1,033.47","1,933.14","1,935.13",64,65.99
792,815.99,50,"1,817.14",784.67,"1,032.47","1,933.14","1,935.13",66,67.99
816,839.99,49,"1,816.14",784.67,"1,031.47","1,933.14","1,935.13",68,69.99
840,863.99,48,"1,815.14",784.67,"1,030.47","1,933.14","1,935.13",70,71.99
864,887.99,47,"1,814.14",784.67,"1,029.47","1,933.14","1,935.13",72,73.99
888,911.99,46,"1,813.14",784.67,"1,028.47","1,933.14","1,935.13",74,75.99
912,935.99,45,"1,812.14",784.67,"1,027.47","1,933.14","1,935.13",76,77.99
936,959.99,44,"1,811.14",784.67,"1,026.47","1,933.14","1,935.13",78,79.99
960,983.99,43,"1,810.14",784.67,"1,025.47","1,933.14","1,935.13",80,81.99
984,"1,007.99",42,"1,809.14",784.67,"1,024.47","1,933.14","1,935.13",82,83.99
"1,008.00","1,031.99",41,"1,808.14",784.67,"1,023.47","1,933.14","1,935.13",84,85.99
"1,032.00","1,055.99",40,"1,807.14",784.67,"1,022.47","1,933.14","1,935.13",86,87.99
"1,056.00","1,079.99",39,"1,806.14",784.67,"1,021.47","1,933.14","1,935.13",88,89.99
"1,080.00","1,103.99",38,"1,805.14",784.67,"1,020.47","1,933.14","1,935.13",90,91.99
"1,104.00","1,127.99",37,"1,804.14",784.67,"1,019.47","1,933.14","1,935.13",92,93.99
"1,128.00","1,151.99",36,"1,803.14",784.67,"1,018.47","1,933.14","1,935.13",94,95.99
"1,152.00","1,175.99",35,"1,802.14",784.67,"1,017.47","1,933.14","1,935.13",96,97.99
"1,176.00","1,199.99",34,"1,801.14",784.67,"1,016.47","1,933.14","1,935.13",98,99.99
"1,200.00","1,223.99",33,"1,800.14",784.67,"1,015.47","1,933.14","1,935.13",100,101.99
"1,224.00","1,247.99",32,"1,799.14",784.67,"1,014.47","1,933.14","1,935.13",102,103.99
"1,248.00","1,271.99",31,"1,798.14",784.67,"1,013.47","1,933.14","1,935.13",104,105.99
"1,272.00","1,295.99",30,"1,797.14",784.67,"1,012.47","1,933.14","1,935.13",106,107.99
"1,296.00","1,319.99",29,"1,796.14",784.67,"1,011.47","1,933.14","1,935.13",108,109.99
"1,320.00","1,343.99",28,"1,795.14",784.67,"1,010.47","1,933.14","1,935.13",110,111.99
"1,344.00","1,367.99",27,"1,794.14",784.67,"1,009.47","1,933.14","1,935.13",112,113.99
"1,368.00","1,391.99",26,"1,793.14",784.67,"1,008.47","1,933.14","1,935.13",114,115.99
"1,392.00","1,415.99",25,"1,792.14",784.67,"1,007.47","1,933.14","1,935.13",116,117.99
"1,416.00","1,439.99",24,"1,791.14",784.67,"1,006.47","1,933.14","1,935.13",118,119.99
"1,440.00","1,463.99",23,"1,790.14",784.67,"1,005.47","1,933.14","1,935.13",120,121.99
"1,464.00","1,487.99",22,"1,789.14",784.67,"1,004.47","1,933.14","1,935.13",122,123.99
"1,488.00","1,511.99",21,"1,788.14",784.67,"1,003.47","1,933.14","1,935.13",124,125.99
"1,512.00","1,535.99",20,"1,787.14",784.67,"1,002.47","1,933.14","1,935.13",126,127.99
"1,536.00","1,559.99",19,"1,786.14",784.67,"1,001.47","1,933.14","1,935.13",128,129.99
"1,560.00","1,583.99",18,"1,785.14",784.67,"1,000.47","1,933.14","1,935.13",130,131.99
"1,584.00","1,607.99",17,"1,784.14",784.67,999.47,"1,933.14","1,935.13",132,133.99
"1,608.00","1,631.99",16,"1,783.14",784.67,998.47,"1,933.14","1,935.13",134,135.99
"1,632.00","1,655.99",15,"1,782.14",784.67,997.47,"1,933.14","1,935.13",136,137.99
"1,656.00","1,679.99",14,"1,781.14",784.67,996.47,"1,933.14","1,935.13",138,139.99
"1,680.00","1,703.99",13,"1,780.14",784.67,995.47,"1,933.14","1,935.13",140,141.99
"1,704.00","1,727.99",12,"1,779.14",784.67,994.47,"1,933.14","1,935.13",142,143.99
"1,728.00","1,751.99",11,"1,778.14",784.67,993.47,"1,933.14","1,935.13",144,145.99
"1,752.00","1,775.99",10,"1,777.14",784.67,992.47,"1,933.14","1,935.13",146,147.99
"1,776.00","1,799.99",9,"1,776.14",784.67,991.47,"1,933.14","1,935.13",148,149.99
"1,800.00","1,823.99",8,"1,775.14",784.67,990.47,"1,933.14","1,935.13",150,151.99
"1,824.00","1,847.99",7,"1,774.14",784.67,989.47,"1,933.14","1,935.13",152,153.99
"1,848.00","1,871.99",6,"1,773.14",784.67,988.47,"1,933.14","1,935.13",154,155.99
"1,872.00","1,895.99",5,"1,772.14",784.67,987.47,"1,933.14","1,935.13",156,157.99
"1,896.00","1,919.99",4,"1,771.14",784.67,986.47,"1,933.14","1,935.13",158,159.99
"1,920.00","1,943.99",3,"1,770.14",784.67,985.47,"1,933.14","1,935.13",160,161.99
"1,944.00","1,967.99",2,"1,769.14",784.67,984.47,"1,933.14","1,935.13",162,163.99
"1,968.00","1,991.99",1,"1,768.14",784.67,983.47,"1,933.14","1,935.13",164,165.99
"1,992.00","2,015.99",0,"1,767.14",784.67,982.47,"1,933.14","1,935.13",166,167.99
"2,016.00","2,039.99",0,"1,766.14",784.67,981.47,"1,934.14","1,936.13",168,169.99
"2,040.00","2,047.99",0,"1,765.14",784.67,980.47,"1,935.14","1,935.80",170,170.66
"2,048.00","2,063.99",0,"1,764.14",784.67,979.47,"1,934.81","1,936.13",170.67,171.99
"2,064.00","2,087.99",0,"1,763.14",784.67,978.47,"1,935.14","1,937.13",172,173.99
"2,088.00","2,095.99",0,"1,762.14",784.67,977.47,"1,936.14","1,936.80",174,174.66
"2,096.00","2,111.99",0,"1,761.14",784.67,976.47,"1,935.81","1,937.13",174.67,175.99
"2,112.00","2,135.99",0,"1,760.14",784.67,975.47,"1,936.14","1,938.13",176,177.99
"2,136.00","2,143.99",0,"1,759.14",784.67,974.47,"1,937.14","1,937.80",178,178.66
"2,144.00","2,159.99",0,"1,758.14",784.67,973.47,"1,936.81","1,938.13",178.67,179.99
"2,160.00","2,183.99",0,"1,757.14",784.67,972.47,"1,937.14","1,939.13",180,181.99
"2,184.00","2,191.99",0,"1,756.14",784.67,971.47,"1,938.14","1,938.80",182,182.66
"2,192.00","2,207.99",0,"1,755.14",784.67,970.47,"1,937.81","1,939.13",182.67,183.99
"2,208.00","2,231.99",0,"1,754.14",784.67,969.47,"1,938.14","1,940.13",184,185.99
"2,232.00","2,239.99",0,"1,753.14",784.67,968.47,"1,939.14","1,939.80",186,186.66
"2,240.00","2,255.99",0,"1,752.14",784.67,967.47,"1,938.81","1,940.13",186.67,187.99
"2,256.00","2,279.99",0,"1,751.14",784.67,966.47,"1,939.14","1,941.13",188,189.99
"2,280.00","2,287.99",0,"1,750.14",784.67,965.47,"1,940.14","1,940.80",190,190.66
"2,288.00","2,303.99",0,"1,749.14",784.67,964.47,"1,939.81","1,941.13",190.67,191.99
"2,304.00","2,327.99",0,"1,748.14",784.67,963.47,"1,940.14","1,942.13",192,193.99
"2,328.00","2,335.99",0,"1,747.14",784.67,962.47,"1,941.14","1,941.80",194,194.66
"2,336.00","2,351.99",0,"1,746.14",784.67,961.47,"1,940.81","1,942.13",194.67,195.99
"2,352.00","2,375.99",0,"1,745.14",784.67,960.47,"1,941.14","1,943.13",196,197.99
"2,376.00","2,383.99",0,"1,744.14",784.67,959.47,"1,942.14","1,942.80",198,198.66
"2,384.00","2,399.99",0,"1,743.14",784.67,958.47,"1,941.81","1,943.13",198.67,199.99
"2,400.00","2,423.99",0,"1,742.14",784.67,957.47,"1,942.14","1,944.13",200,201.99
"2,424.00","2,431.99",0,"1,741.14",784.67,956.47,"1,943.14","1,943.80",202,202.66
"2,432.00","2,447.99",0,"1,740.14",784.67,955.47,"1,942.81","1,944.13",202.67,203.99
"2,448.00","2,471.99",0,"1,739.14",784.67,954.47,"1,943.14","1,945.13",204,205.99
"2,472.00","2,479.99",0,"1,738.14",784.67,953.47,"1,944.14","1,944.80",206,206.66
"2,480.00","2,495.99",0,"1,737.14",784.67,952.47,"1,943.81","1,945.13",206.67,207.99
"2,496.00","2,519.99",0,"1,736.14",784.67,951.47,"1,944.14","1,946.13",208,209.99
"2,520.00","2,527.99",0,"1,735.14",784.67,950.47,"1,945.14","1,945.80",210,210.66
"2,528.00","2,543.99",0,"1,734.14",784.67,949.47,"1,944.81","1,946.13",210.67,211.99
"2,544.00","2,567.99",0,"1,733.14",784.67,948.47,"1,945.14","1,947.13",212,213.99
"2,568.00","2,575.99",0,"1,732.14",784.67,947.47,"1,946.14","1,946.80",214,214.66
"2,576.00","2,591.99",0,"1,731.14",784.67,946.47,"1,945.81","1,947.13",214.67,215.99
"2,592.00","2,615.99",0,"1,730.14",784.67,945.47,"1,946.14","1,948.13",216,217.99
"2,616.00","2,623.99",0,"1,729.14",784.67,944.47,"1,947.14","1,947.80",218,218.66
"2,624.00","2,639.99",0,"1,728.14",784.67,943.47,"1,946.81","1,948.13",218.67,219.99
"2,640.00","2,663.99",0,"1,727.14",784.67,942.47,"1,947.14","1,949.13",220,221.99
"2,664.00","2,671.99",0,"1,726.14",784.67,941.47,"1,948.14","1,948.80",222,222.66
"2,672.00","2,687.99",0,"1,725.14",784.67,940.47,"1,947.81","1,949.13",222.67,223.99
"2,688.00","2,711.99",0,"1,724.14",784.67,939.47,"1,948.14","1,950.13",224,225.99
"2,712.00","2,719.99",0,"1,723.14",784.67,938.47,"1,949.14","1,949.80",226,226.66
"2,720.00","2,735.99",0,"1,722.14",784.67,937.47,"1,948.81","1,950.13",226.67,227.99
"2,736.00","2,759.99",0,"1,721.14",784.67,936.47,"1,949.14","1,951.13",228,229.99
"2,760.00","2,767.99",0,"1,720.14",784.67,935.47,"1,950.14","1,950.80",230,230.66
"2,768.00","2,783.99",0,"1,719.14",784.67,934.47,"1,949.81","1,951.13",230.67,231.99
"2,784.00","2,807.99",0,"1,718.14",784.67,933.47,"1,950.14","1,952.13",232,233.99
"2,808.00","2,815.99",0,"1,717.14",784.67,932.47,"1,951.14","1,951.80",234,234.66
"2,816.00","2,831.99",0,"1,716.14",784.67,931.47,"1,950.81","1,952.13",234.67,235.99
"2,832.00","2,855.99",0,"1,715.14",784.67,930.47,"1,951.14","1,953.13",236,237.99
"2,856.00","2,863.99",0,"1,714.14",784.67,929.47,"1,952.14","1,952.80",238,238.66
"2,864.00","2,879.99",0,"1,713.14",784.67,928.47,"1,951.81","1,953.13",238.67,239.99
"2,880.00","2,903.99",0,"1,712.14",784.67,927.47,"1,952.14","1,954.13",240,241.99
"2,904.00","2,911.99",0,"1,711.14",784.67,926.47,"1,953.14","1,953.80",242,242.66
"2,912.00","2,927.99",0,"1,710.14",784.67,925.47,"1,952.81","1,954.13",242.67,243.99
"2,928.00","2,951.99",0,"1,709.14",784.67,924.47,"1,953.14","1,955.13",244,245.99
"2,952.00","2,959.99",0,"1,708.14",784.67,923.47,"1,954.14","1,954.80",246,246.66
"2,960.00","2,975.99",0,"1,707.14",784.67,922.47,"1,953.81","1,955.13",246.67,247.99
"2,976.00","2,999.99",0,"1,706.14",784.67,921.47,"1,954.14","1,956.13",248,249.99
"3,000.00","3,007.99",0,"1,705.14",784.67,920.47,"1,955.14","1,955.80",250,250.66
"3,008.00","3,023.99",0,"1,704.14",784.67,919.47,"1,954.81","1,956.13",250.67,251.99
"3,024.00","3,047.99",0,"1,703.14",784.67,918.47,"1,955.14","1,957.13",252,253.99
"3,048.00","3,055.99",0,"1,702.14",784.67,917.47,"1,956.14","1,956.80",254,254.66
"3,056.00","3,071.99",0,"1,701.14",784.67,916.47,"1,955.81","1,957.13",254.67,255.99
"3,072.00","3,095.99",0,"1,700.14",784.67,915.47,"1,956.14","1,958.13",256,257.99
"3,096.00","3,103.99",0,"1,699.14",784.67,914.47,"1,957.14","1,957.80",258,258.66
"3,104.00","3,119.99",0,"1,698.14",784.67,913.47,"1,956.81","1,958.13",258.67,259.99
"3,120.00","3,143.99",0,"1,697.14",784.67,912.47,"1,957.14","1,959.13",260,261.99
"3,144.00","3,151.99",0,"1,696.14",784.67,911.47,"1,958.14","1,958.80",262,262.66
"3,152.00","3,167.99",0,"1,695.14",784.67,910.47,"1,957.81","1,959.13",262.67,263.99
"3,168.00","3,191.99",0,"1,694.14",784.67,909.47,"1,958.14","1,960.13",264,265.99
"3,192.00","3,199.99",0,"1,693.14",784.67,908.47,"1,959.14","1,959.80",266,266.66
"3,200.00","3,215.99",0,"1,692.14",784.67,907.47,"1,958.81","1,960.13",266.67,267.99
"3,216.00","3,239.99",0,"1,691.14",784.67,906.47,"1,959.14","1,961.13",268,269.99
"3,240.00","3,247.99",0,"1,690.14",784.67,905.47,"1,960.14","1,960.80",270,270.66
"3,248.00","3,263.99",0,"1,689.14",784.67,904.47,"1,959.81","1,961.13",270.67,271.99
"3,264.00","3,287.99",0,"1,688.14",784.67,903.47,"1,960.14","1,962.13",272,273.99
"3,288.00","3,295.99",0,"1,687.14",784.67,902.47,"1,961.14","1,961.80",274,274.66
"3,296.00","3,311.99",0,"1,686.14",784.67,901.47,"1,960.81","1,962.13",274.67,275.99
"3,312.00","3,335.99",0,"1,685.14",784.67,900.47,"1,961.14","1,963.13",276,277.99
"3,336.00","3,343.99",0,"1,684.14",784.67,899.47,"1,962.14","1,962.80",278,278.66
"3,344.00","3,359.99",0,"1,683.14",784.67,898.47,"1,961.81","1,963.13",278.67,279.99
"3,360.00","3,383.99",0,"1,682.14",784.67,897.47,"1,962.14","1,964.13",280,281.99
"3,384.00","3,391.99",0,"1,681.14",784.67,896.47,"1,963.14","1,963.80",282,282.66
"3,392.00","3,407.99",0,"1,680.14",784.67,895.47,"1,962.81","1,964.13",282.67,283.99
"3,408.00","3,431.99",0,"1,679.14",784.67,894.47,"1,963.14","1,965.13",284,285.99
"3,432.00","3,439.99",0,"1,678.14",784.67,893.47,"1,964.14","1,964.80",286,286.66
"3,440.00","3,455.99",0,"1,677.14",784.67,892.47,"1,963.81","1,965.13",286.67,287.99
"3,456.00","3,479.99",0,"1,676.14",784.67,891.47,"1,964.14","1,966.13",288,289.99
"3,480.00","3,487.99",0,"1,675.14",784.67,890.47,"1,965.14","1,965.80",290,290.66
"3,488.00","3,503.99",0,"1,674.14",784.67,889.47,"1,964.81","1,966.13",290.67,291.99
"3,504.00","3,527.99",0,"1,673.14",784.67,888.47,"1,965.14","1,967.13",292,293.99
"3,528.00","3,535.99",0,"1,672.14",784.67,887.47,"1,966.14","1,966.80",294,294.66
"3,536.00","3,551.99",0,"1,671.14",784.67,886.47,"1,965.81","1,967.13",294.67,295.99
"3,552.00","3,575.99",0,"1,670.14",784.67,885.47,"1,966.14","1,968.13",296,297.99
"3,576.00","3,583.99",0,"1,669.14",784.67,884.47,"1,967.14","1,967.80",298,298.66
"3,584.00","3,599.99",0,"1,668.14",784.67,883.47,"1,966.81","1,968.13",298.67,299.99
"3,600.00","3,623.99",0,"1,667.14",784.67,882.47,"1,967.14","1,969.13",300,301.99
"3,624.00","3,631.99",0,"1,666.14",784.67,881.47,"1,968.14","1,968.80",302,302.66
"3,632.00","3,647.99",0,"1,665.14",784.67,880.47,"1,967.81","1,969.13",302.67,303.99
"3,648.00","3,671.99",0,"1,664.14",784.67,879.47,"1,968.14","1,970.13",304,305.99
"3,672.00","3,679.99",0,"1,663.14",784.67,878.47,"1,969.14","1,969.80",306,306.66
"3,680.00","3,695.99",0,"1,662.14",784.67,877.47,"1,968.81","1,970.13",306.67,307.99
"3,696.00","3,719.99",0,"1,661.14",784.67,876.47,"1,969.14","1,971.13",308,309.99
"3,720.00","3,727.99",0,"1,660.14",784.67,875.47,"1,970.14","1,970.80",310,310.66
"3,728.00","3,743.99",0,"1,659.14",784.67,874.47,"1,969.81","1,971.13",310.67,311.99
"3,744.00","3,767.99",0,"1,658.14",784.67,873.47,"1,970.14","1,972.13",312,313.99
"3,768.00","3,775.99",0,"1,657.14",784.67,872.47,"1,971.14","1,971.80",314,314.66
"3,776.00","3,791.99",0,"1,656.14",784.67,871.47,"1,970.81","1,972.13",314.67,315.99
"3,792.00","3,815.99",0,"1,655.14",784.67,870.47,"1,971.14","1,973.13",316,317.99
"3,816.00","3,823.99",0,"1,654.14",784.67,869.47,"1,972.14","1,972.80",318,318.66
"3,824.00","3,839.99",0,"1,653.14",784.67,868.47,"1,971.81","1,973.13",318.67,319.99
"3,840.00","3,863.99",0,"1,652.14",784.67,867.47,"1,972.14","1,974.13",320,321.99
"3,864.00","3,871.99",0,"1,651.14",784.67,866.47,"1,973.14","1,973.80",322,322.66
"3,872.00","3,887.99",0,"1,650.14",784.67,865.47,"1,972.81","1,974.13",322.67,323.99
"3,888.00","3,911.99",0,"1,649.14",784.67,864.47,"1,973.14","1,975.13",324,325.99
"3,912.00","3,919.99",0,"1,648.14",784.67,863.47,"1,974.14","1,974.80",326,326.66
"3,920.00","3,935.99",0,"1,647.14",784.67,862.47,"1,973.81","1,975.13",326.67,327.99
"3,936.00","3,959.99",0,"1,646.14",784.67,861.47,"1,974.14","1,976.13",328,329.99
"3,960.00","3,967.99",0,"1,645.14",784.67,860.47,"1,975.14","1,975.80",330,330.66
"3,968.00","3,983.99",0,"1,644.14",784.67,859.47,"1,974.81","1,976.13",330.67,331.99
"3,984.00","4,007.99",0,"1,643.14",784.67,858.47,"1,975.14","1,977.13",332,333.99
"4,008.00","4,015.99",0,"1,642.14",784.67,857.47,"1,976.14","1,976.80",334,334.66
"4,016.00","4,031.99",0,"1,641.14",784.67,856.47,"1,975.81","1,977.13",334.67,335.99
"4,032.00","4,055.99",0,"1,640.14",784.67,855.47,"1,976.14","1,978.13",336,337.99
"4,056.00","4,063.99",0,"1,639.14",784.67,854.47,"1,977.14","1,977.80",338,338.66
"4,064.00","4,079.99",0,"1,638.14",784.67,853.47,"1,976.81","1,978.13",338.67,339.99
"4,080.00","4,103.99",0,"1,637.14",784.67,852.47,"1,977.14","1,979.13",340,341.99
"4,104.00","4,111.99",0,"1,636.14",784.67,851.47,"1,978.14","1,978.80",342,342.66
"4,112.00","4,127.99",0,"1,635.14",784.67,850.47,"1,977.81","1,979.13",342.67,343.99
"4,128.00","4,151.99",0,"1,634.14",784.67,849.47,"1,978.14","1,980.13",344,345.99
"4,152.00","4,159.99",0,"1,633.14",784.67,848.47,"1,979.14","1,979.80",346,346.66
"4,160.00","4,175.99",0,"1,632.14",784.67,847.47,"1,978.81","1,980.13",346.67,347.99
"4,176.00","4,199.99",0,"1,631.14",784.67,846.47,"1,979.14","1,981.13",348,349.99
"4,200.00","4,207.99",0,"1,630.14",784.67,845.47,"1,980.14","1,980.80",350,350.66
"4,208.00","4,223.99",0,"1,629.14",784.67,844.47,"1,979.81","1,981.13",350.67,351.99
"4,224.00","4,247.99",0,"1,628.14",784.67,843.47,"1,980.14","1,982.13",352,353.99
"4,248.00","4,255.99",0,"1,627.14",784.67,842.47,"1,981.14","1,981.80",354,354.66
"4,256.00","4,271.99",0,"1,626.14",784.67,841.47,"1,980.81","1,982.13",354.67,355.99
"4,272.00","4,295.99",0,"1,625.14",784.67,840.47,"1,981.14","1,983.13",356,357.99
"4,296.00","4,303.99",0,"1,624.14",784.67,839.47,"1,982.14","1,982.80",358,358.66
"4,304.00","4,319.99",0,"1,623.14",784.67,838.47,"1,981.81","1,983.13",358.67,359.99
"4,320.00","4,343.99",0,"1,622.14",784.67,837.47,"1,982.14","1,984.13",360,361.99
"4,344.00","4,351.99",0,"1,621.14",784.67,836.47,"1,983.14","1,983.80",362,362.66
"4,352.00","4,367.99",0,"1,620.14",784.67,835.47,"1,982.81","1,984.13",362.67,363.99
"4,368.00","4,391.99",0,"1,619.14",784.67,834.47,"1,983.14","1,985.13",364,365.99
"4,392.00","4,399.99",0,"1,618.14",784.67,833.47,"1,984.14","1,984.80",366,366.66
"4,400.00","4,415.99",0,"1,617.14",784.67,832.47,"1,983.81","1,985.13",366.67,367.99
"4,416.00","4,439.99",0,"1,616.14",784.67,831.47,"1,984.14","1,986.13",368,369.99
"4,440.00","4,447.99",0,"1,615.14",784.67,830.47,"1,985.14","1,985.80",370,370.66
"4,448.00","4,463.99",0,"1,614.14",784.67,829.47,"1,984.81","1,986.13",370.67,371.99
"4,464.00","4,487.99",0,"1,613.14",784.67,828.47,"1,985.14","1,987.13",372,373.99
"4,488.00","4,495.99",0,"1,612.14",784.67,827.47,"1,986.14","1,986.80",374,374.66
"4,496.00","4,511.99",0,"1,611.14",784.67,826.47,"1,985.81","1,987.13",374.67,375.99
"4,512.00","4,535.99",0,"1,610.14",784.67,825.47,"1,986.14","1,988.13",376,377.99
"4,536.00","4,543.99",0,"1,609.14",784.67,824.47,"1,987.14","1,987.80",378,378.66
"4,544.00","4,559.99",0,"1,608.14",784.67,823.47,"1,986.81","1,988.13",378.67,379.99
"4,560.00","4,583.99",0,"1,607.14",784.67,822.47,"1,987.14","1,989.13",380,381.99
"4,584.00","4,591.99",0,"1,606.14",784.67,821.47,"1,988.14","1,988.80",382,382.66
"4,592.00","4,607.99",0,"1,605.14",784.67,820.47,"1,987.81","1,989.13",382.67,383.99
"4,608.00","4,631.99",0,"1,604.14",784.67,819.47,"1,988.14","1,990.13",384,385.99
"4,632.00","4,639.99",0,"1,603.14",784.67,818.47,"1,989.14","1,989.80",386,386.66
"4,640.00","4,655.99",0,"1,602.14",784.67,817.47,"1,988.81","1,990.13",386.67,387.99
"4,656.00","4,679.99",0,"1,601.14",784.67,816.47,"1,989.14","1,991.13",388,389.99
"4,680.00","4,687.99",0,"1,600.14",784.67,815.47,"1,990.14","1,990.80",390,390.66
"4,688.00","4,703.99",0,"1,599.14",784.67,814.47,"1,989.81","1,991.13",390.67,391.99
"4,704.00","4,727.99",0,"1,598.14",784.67,813.47,"1,990.14","1,992.13",392,393.99
"4,728.00","4,735.99",0,"1,597.14",784.67,812.47,"1,991.14","1,991.80",394,394.66
"4,736.00","4,751.99",0,"1,596.14",784.67,811.47,"1,990.81","1,992.13",394.67,395.99
"4,752.00","4,775.99",0,"1,595.14",784.67,810.47,"1,991.14","1,993.13",396,397.99
"4,776.00","4,783.99",0,"1,594.14",784.67,809.47,"1,992.14","1,992.80",398,398.66
"4,784.00","4,799.99",0,"1,593.14",784.67,808.47,"1,991.81","1,993.13",398.67,399.99
"4,800.00","4,823.99",0,"1,592.14",784.67,807.47,"1,992.14","1,994.13",400,401.99
"4,824.00","4,831.99",0,"1,591.14",784.67,806.47,"1,993.14","1,993.80",402,402.66
"4,832.00","4,847.99",0,"1,590.14",784.67,805.47,"1,992.81","1,994.13",402.67,403.99
"4,848.00","4,871.99",0,"1,589.14",784.67,804.47,"1,993.14","1,995.13",404,405.99
"4,872.00","4,879.99",0,"1,588.14",784.67,803.47,"1,994.14","1,994.80",406,406.66
"4,880.00","4,895.99",0,"1,587.14",784.67,802.47,"1,993.81","1,995.13",406.67,407.99
"4,896.00","4,919.99",0,"1,586.14",784.67,801.47,"1,994.14","1,996.13",408,409.99
"4,920.00","4,927.99",0,"1,585.14",784.67,800.47,"1,995.14","1,995.80",410,410.66
"4,928.00","4,943.99",0,"1,584.14",784.67,799.47,"1,994.81","1,996.13",410.67,411.99
"4,944.00","4,967.99",0,"1,583.14",784.67,798.47,"1,995.14","1,997.13",412,413.99
"4,968.00","4,975.99",0,"1,582.14",784.67,797.47,"1,996.14","1,996.80",414,414.66
"4,976.00","4,991.99",0,"1,581.14",784.67,796.47,"1,995.81","1,997.13",414.67,415.99
"4,992.00","5,015.99",0,"1,580.14",784.67,795.47,"1,996.14","1,998.13",416,417.99
"5,016.00","5,023.99",0,"1,579.14",784.67,794.47,"1,997.14","1,997.80",418,418.66
"5,024.00","5,039.99",0,"1,578.14",784.67,793.47,"1,996.81","1,998.13",418.67,419.99
"5,040.00","5,063.99",0,"1,577.14",784.67,792.47,"1,997.14","1,999.13",420,421.99
"5,064.00","5,071.99",0,"1,576.14",784.67,791.47,"1,998.14","1,998.80",422,422.66
"5,072.00","5,087.99",0,"1,575.14",784.67,790.47,"1,997.81","1,999.13",422.67,423.99
"5,088.00","5,111.99",0,"1,574.14",784.67,789.47,"1,998.14","2,000.13",424,425.99
"5,112.00","5,119.99",0,"1,573.14",784.67,788.47,"1,999.14","1,999.80",426,426.66
"5,120.00","5,135.99",0,"1,572.14",784.67,787.47,"1,998.81","2,000.13",426.67,427.99
"5,136.00","5,159.99",0,"1,571.14",784.67,786.47,"1,999.14","2,001.13",428,429.99
"5,160.00","5,167.99",0,"1,570.14",784.67,785.47,"2,000.14","2,000.80",430,430.66
"5,168.00","5,183.99",0,"1,569.14",784.67,784.47,"1,999.81","2,001.13",430.67,431.99
"5,184.00","5,207.99",0,"1,568.14",784.67,783.47,"2,000.14","2,002.13",432,433.99
"5,208.00","5,215.99",0,"1,567.14",784.67,782.47,"2,001.14","2,001.80",434,434.66
"5,216.00","5,231.99",0,"1,566.14",784.67,781.47,"2,000.81","2,002.13",434.67,435.99
"5,232.00","5,255.99",0,"1,565.14",784.67,780.47,"2,001.14","2,003.13",436,437.99
"5,256.00","5,263.99",0,"1,564.14",784.67,779.47,"2,002.14","2,002.80",438,438.66
"5,264.00","5,279.99",0,"1,563.14",784.67,778.47,"2,001.81","2,003.13",438.67,439.99
"5,280.00","5,303.99",0,"1,562.14",784.67,777.47,"2,002.14","2,004.13",440,441.99
"5,304.00","5,311.99",0,"1,561.14",784.67,776.47,"2,003.14","2,003.80",442,442.66
"5,312.00","5,327.99",0,"1,560.14",784.67,775.47,"2,002.81","2,004.13",442.67,443.99
"5,328.00","5,351.99",0,"1,559.14",784.67,774.47,"2,003.14","2,005.13",444,445.99
"5,352.00","5,359.99",0,"1,558.14",784.67,773.47,"2,004.14","2,004.80",446,446.66
"5,360.00","5,375.99",0,"1,557.14",784.67,772.47,"2,003.81","2,005.13",446.67,447.99
"5,376.00","5,399.99",0,"1,556.14",784.67,771.47,"2,004.14","2,006.13",448,449.99
"5,400.00","5,407.99",0,"1,555.14",784.67,770.47,"2,005.14","2,005.80",450,450.66
"5,408.00","5,423.99",0,"1,554.14",784.67,769.47,"2,004.81","2,006.13",450.67,451.99
"5,424.00","5,447.99",0,"1,553.14",784.67,768.47,"2,005.14","2,007.13",452,453.99
"5,448.00","5,455.99",0,"1,552.14",784.67,767.47,"2,006.14","2,006.80",454,454.66
"5,456.00","5,471.99",0,"1,551.14",784.67,766.47,"2,005.81","2,007.13",454.67,455.99
"5,472.00","5,495.99",0,"1,550.14",784.67,765.47,"2,006.14","2,008.13",456,457.99
"5,496.00","5,503.99",0,"1,549.14",784.67,764.47,"2,007.14","2,007.80",458,458.66
"5,504.00","5,519.99",0,"1,548.14",784.67,763.47,"2,006.81","2,008.13",458.67,459.99
"5,520.00","5,543.99",0,"1,547.14",784.67,762.47,"2,007.14","2,009.13",460,461.99
"5,544.00","5,551.99",0,"1,546.14",784.67,761.47,"2,008.14","2,008.80",462,462.66
"5,552.00","5,567.99",0,"1,545.14",784.67,760.47,"2,007.81","2,009.13",462.67,463.99
"5,568.00","5,591.99",0,"1,544.14",784.67,759.47,"2,008.14","2,010.13",464,465.99
"5,592.00","5,599.99",0,"1,543.14",784.67,758.47,"2,009.14","2,009.80",466,466.66
"5,600.00","5,615.99",0,"1,542.14",784.67,757.47,"2,008.81","2,010.13",466.67,467.99
"5,616.00","5,639.99",0,"1,541.14",784.67,756.47,"2,009.14","2,011.13",468,469.99
"5,640.00","5,647.99",0,"1,540.14",784.67,755.47,"2,010.14","2,010.80",470,470.66
"5,648.00","5,663.99",0,"1,539.14",784.67,754.47,"2,009.81","2,011.13",470.67,471.99
"5,664.00","5,687.99",0,"1,538.14",784.67,753.47,"2,010.14","2,012.13",472,473.99
"5,688.00","5,695.99",0,"1,537.14",784.67,752.47,"2,011.14","2,011.80",474,474.66
"5,696.00","5,711.99",0,"1,536.14",784.67,751.47,"2,010.81","2,012.13",474.67,475.99
"5,712.00","5,735.99",0,"1,535.14",784.67,750.47,"2,011.14","2,013.13",476,477.99
"5,736.00","5,743.99",0,"1,534.14",784.67,749.47,"2,012.14","2,012.80",478,478.66
"5,744.00","5,759.99",0,"1,533.14",784.67,748.47,"2,011.81","2,013.13",478.67,479.99
"5,760.00","5,783.99",0,"1,532.14",784.67,747.47,"2,012.14","2,014.13",480,481.99
"5,784.00","5,791.99",0,"1,531.14",784.67,746.47,"2,013.14","2,013.80",482,482.66
"5,792.00","5,807.99",0,"1,530.14",784.67,745.47,"2,012.81","2,014.13",482.67,483.99
"5,808.00","5,831.99",0,"1,529.14",784.67,744.47,"2,013.14","2,015.13",484,485.99
"5,832.00","5,839.99",0,"1,528.14",784.67,743.47,"2,014.14","2,014.80",486,486.66
"5,840.00","5,855.99",0,"1,527.14",784.67,742.47,"2,013.81","2,015.13",486.67,487.99
"5,856.00","5,879.99",0,"1,526.14",784.67,741.47,"2,014.14","2,016.13",488,489.99
"5,880.00","5,887.99",0,"1,525.14",784.67,740.47,"2,015.14","2,015.80",490,490.66
"5,888.00","5,903.99",0,"1,524.14",784.67,739.47,"2,014.81","2,016.13",490.67,491.99
"5,904.00","5,927.99",0,"1,523.14",784.67,738.47,"2,015.14","2,017.13",492,493.99
"5,928.00","5,935.99",0,"1,522.14",784.67,737.47,"2,016.14","2,016.80",494,494.66
"5,936.00","5,951.99",0,"1,521.14",784.67,736.47,"2,015.81","2,017.13",494.67,495.99
"5,952.00","5,975.99",0,"1,520.14",784.67,735.47,"2,016.14","2,018.13",496,497.99
"5,976.00","5,983.99",0,"1,519.14",784.67,734.47,"2,017.14","2,017.80",498,498.66
"5,984.00","5,999.99",0,"1,518.14",784.67,733.47,"2,016.81","2,018.13",498.67,499.99
"6,000.00","6,023.99",0,"1,517.14",784.67,732.47,"2,017.14","2,019.13",500,501.99
"6,024.00","6,031.99",0,"1,516.14",784.67,731.47,"2,018.14","2,018.80",502,502.66
"6,032.00","6,047.99",0,"1,515.14",784.67,730.47,"2,017.81","2,019.13",502.67,503.99
"6,048.00","6,071.99",0,"1,514.14",784.67,729.47,"2,018.14","2,020.13",504,505.99
"6,072.00","6,079.99",0,"1,513.14",784.67,728.47,"2,019.14","2,019.80",506,506.66
"6,080.00","6,095.99",0,"1,512.14",784.67,727.47,"2,018.81","2,020.13",506.67,507.99
"6,096.00","6,119.99",0,"1,511.14",784.67,726.47,"2,019.14","2,021.13",508,509.99
"6,120.00","6,127.99",0,"1,510.14",784.67,725.47,"2,020.14","2,020.80",510,510.66
"6,128.00","6,143.99",0,"1,509.14",784.67,724.47,"2,019.81","2,021.13",510.67,511.99
"6,144.00","6,167.99",0,"1,508.14",784.67,723.47,"2,020.14","2,022.13",512,513.99
"6,168.00","6,175.99",0,"1,507.14",784.67,722.47,"2,021.14","2,021.80",514,514.66
"6,176.00","6,191.99",0,"1,506.14",784.67,721.47,"2,020.81","2,022.13",514.67,515.99
"6,192.00","6,215.99",0,"1,505.14",784.67,720.47,"2,021.14","2,023.13",516,517.99
"6,216.00","6,223.99",0,"1,504.14",784.67,719.47,"2,022.14","2,022.80",518,518.66
"6,224.00","6,239.99",0,"1,503.14",784.67,718.47,"2,021.81","2,023.13",518.67,519.99
"6,240.00","6,263.99",0,"1,502.14",784.67,717.47,"2,022.14","2,024.13",520,521.99
"6,264.00","6,271.99",0,"1,501.14",784.67,716.47,"2,023.14","2,023.80",522,522.66
"6,272.00","6,287.99",0,"1,500.14",784.67,715.47,"2,022.81","2,024.13",522.67,523.99
"6,288.00","6,311.99",0,"1,499.14",784.67,714.47,"2,023.14","2,025.13",524,525.99
"6,312.00","6,319.99",0,"1,498.14",784.67,713.47,"2,024.14","2,024.80",526,526.66
"6,320.00","6,335.99",0,"1,497.14",784.67,712.47,"2,023.81","2,025.13",526.67,527.99
"6,336.00","6,359.99",0,"1,496.14",784.67,711.47,"2,024.14","2,026.13",528,529.99
"6,360.00","6,367.99",0,"1,495.14",784.67,710.47,"2,025.14","2,025.80",530,530.66
"6,368.00","6,383.99",0,"1,494.14",784.67,709.47,"2,024.81","2,026.13",530.67,531.99
"6,384.00","6,407.99",0,"1,493.14",784.67,708.47,"2,025.14","2,027.13",532,533.99
"6,408.00","6,415.99",0,"1,492.14",784.67,707.47,"2,026.14","2,026.80",534,534.66
"6,416.00","6,431.99",0,"1,491.14",784.67,706.47,"2,025.81","2,027.13",534.67,535.99
"6,432.00","6,455.99",0,"1,490.14",784.67,705.47,"2,026.14","2,028.13",536,537.99
"6,456.00","6,463.99",0,"1,489.14",784.67,704.47,"2,027.14","2,027.80",538,538.66
"6,464.00","6,479.99",0,"1,488.14",784.67,703.47,"2,026.81","2,028.13",538.67,539.99
"6,480.00","6,503.99",0,"1,487.14",784.67,702.47,"2,027.14","2,029.13",540,541.99
"6,504.00","6,511.99",0,"1,486.14",784.67,701.47,"2,028.14","2,028.80",542,542.66
"6,512.00","6,527.99",0,"1,485.14",784.67,700.47,"2,027.81","2,029.13",542.67,543.99
"6,528.00","6,551.99",0,"1,484.14",784.67,699.47,"2,028.14","2,030.13",544,545.99
"6,552.00","6,559.99",0,"1,483.14",784.67,698.47,"2,029.14","2,029.80",546,546.66
"6,560.00","6,575.99",0,"1,482.14",784.67,697.47,"2,028.81","2,030.13",546.67,547.99
"6,576.00","6,599.99",0,"1,481.14",784.67,696.47,"2,029.14","2,031.13",548,549.99
"6,600.00","6,607.99",0,"1,480.14",784.67,695.47,"2,030.14","2,030.80",550,550.66
"6,608.00","6,623.99",0,"1,479.14",784.67,694.47,"2,029.81","2,031.13",550.67,551.99
"6,624.00","6,647.99",0,"1,478.14",784.67,693.47,"2,030.14","2,032.13",552,553.99
"6,648.00","6,655.99",0,"1,477.14",784.67,692.47,"2,031.14","2,031.80",554,554.66
"6,656.00","6,671.99",0,"1,476.14",784.67,691.47,"2,030.81","2,032.13",554.67,555.99
"6,672.00","6,695.99",0,"1,475.14",784.67,690.47,"2,031.14","2,033.13",556,557.99
"6,696.00","6,703.99",0,"1,474.14",784.67,689.47,"2,032.14","2,032.80",558,558.66
"6,704.00","6,719.99",0,"1,473.14",784.67,688.47,"2,031.81","2,033.13",558.67,559.99
"6,720.00","6,743.99",0,"1,472.14",784.67,687.47,"2,032.14","2,034.13",560,561.99
"6,744.00","6,751.99",0,"1,471.14",784.67,686.47,"2,033.14","2,033.80",562,562.66
"6,752.00","6,767.99",0,"1,470.14",784.67,685.47,"2,032.81","2,034.13",562.67,563.99
"6,768.00","6,791.99",0,"1,469.14",784.67,684.47,"2,033.14","2,035.13",564,565.99
"6,792.00","6,799.99",0,"1,468.14",784.67,683.47,"2,034.14","2,034.80",566,566.66
"6,800.00","6,815.99",0,"1,467.14",784.67,682.47,"2,033.81","2,035.13",566.67,567.99
"6,816.00","6,839.99",0,"1,466.14",784.67,681.47,"2,034.14","2,036.13",568,569.99
"6,840.00","6,847.99",0,"1,465.14",784.67,680.47,"2,035.14","2,035.80",570,570.66
"6,848.00","6,863.99",0,"1,464.14",784.67,679.47,"2,034.81","2,036.13",570.67,571.99
"6,864.00","6,887.99",0,"1,463.14",784.67,678.47,"2,035.14","2,037.13",572,573.99
"6,888.00","6,895.99",0,"1,462.14",784.67,677.47,"2,036.14","2,036.80",574,574.66
"6,896.00","6,911.99",0,"1,461.14",784.67,676.47,"2,035.81","2,037.13",574.67,575.99
"6,912.00","6,935.99",0,"1,460.14",784.67,675.47,"2,036.14","2,038.13",576,577.99
"6,936.00","6,943.99",0,"1,459.14",784.67,674.47,"2,037.14","2,037.80",578,578.66
"6,944.00","6,959.99",0,"1,458.14",784.67,673.47,"2,036.81","2,038.13",578.67,579.99
"6,960.00","6,983.99",0,"1,457.14",784.67,672.47,"2,037.14","2,039.13",580,581.99
"6,984.00","6,991.99",0,"1,456.14",784.67,671.47,"2,038.14","2,038.80",582,582.66
"6,992.00","7,007.99",0,"1,455.14",784.67,670.47,"2,037.81","2,039.13",582.67,583.99
"7,008.00","7,031.99",0,"1,454.14",784.67,669.47,"2,038.14","2,040.13",584,585.99
"7,032.00","7,039.99",0,"1,453.14",784.67,668.47,"2,039.14","2,039.80",586,586.66
"7,040.00","7,055.99",0,"1,452.14",784.67,667.47,"2,038.81","2,040.13",586.67,587.99
"7,056.00","7,079.99",0,"1,451.14",784.67,666.47,"2,039.14","2,041.13",588,589.99
"7,080.00","7,087.99",0,"1,450.14",784.67,665.47,"2,040.14","2,040.80",590,590.66
"7,088.00","7,103.99",0,"1,449.14",784.67,664.47,"2,039.81","2,041.13",590.67,591.99
"7,104.00","7,127.99",0,"1,448.14",784.67,663.47,"2,040.14","2,042.13",592,593.99
"7,128.00","7,135.99",0,"1,447.14",784.67,662.47,"2,041.14","2,041.80",594,594.66
"7,136.00","7,151.99",0,"1,446.14",784.67,661.47,"2,040.81","2,042.13",594.67,595.99
"7,152.00","7,175.99",0,"1,445.14",784.67,660.47,"2,041.14","2,043.13",596,597.99
"7,176.00","7,183.99",0,"1,444.14",784.67,659.47,"2,042.14","2,042.80",598,598.66
"7,184.00","7,199.99",0,"1,443.14",784.67,658.47,"2,041.81","2,043.13",598.67,599.99
"7,200.00","7,223.99",0,"1,442.14",784.67,657.47,"2,042.14","2,044.13",600,601.99
"7,224.00","7,231.99",0,"1,441.14",784.67,656.47,"2,043.14","2,043.80",602,602.66
"7,232.00","7,247.99",0,"1,440.14",784.67,655.47,"2,042.81","2,044.13",602.67,603.99
"7,248.00","7,271.99",0,"1,439.14",784.67,654.47,"2,043.14","2,045.13",604,605.99
"7,272.00","7,279.99",0,"1,438.14",784.67,653.47,"2,044.14","2,044.80",606,606.66
"7,280.00","7,295.99",0,"1,437.14",784.67,652.47,"2,043.81","2,045.13",606.67,607.99
"7,296.00","7,319.99",0,"1,436.14",784.67,651.47,"2,044.14","2,046.13",608,609.99
"7,320.00","7,327.99",0,"1,435.14",784.67,650.47,"2,045.14","2,045.80",610,610.66
"7,328.00","7,343.99",0,"1,434.14",784.67,649.47,"2,044.81","2,046.13",610.67,611.99
"7,344.00","7,367.99",0,"1,433.14",784.67,648.47,"2,045.14","2,047.13",612,613.99
"7,368.00","7,375.99",0,"1,432.14",784.67,647.47,"2,046.14","2,046.80",614,614.66
"7,376.00","7,391.99",0,"1,431.14",784.67,646.47,"2,045.81","2,047.13",614.67,615.99
"7,392.00","7,415.99",0,"1,430.14",784.67,645.47,"2,046.14","2,048.13",616,617.99
"7,416.00","7,423.99",0,"1,429.14",784.67,644.47,"2,047.14","2,047.80",618,618.66
"7,424.00","7,439.99",0,"1,428.14",784.67,643.47,"2,046.81","2,048.13",618.67,619.99
"7,440.00","7,463.99",0,"1,427.14",784.67,642.47,"2,047.14","2,049.13",620,621.99
"7,464.00","7,471.99",0,"1,426.14",784.67,641.47,"2,048.14","2,048.80",622,622.66
"7,472.00","7,487.99",0,"1,425.14",784.67,640.47,"2,047.81","2,049.13",622.67,623.99
"7,488.00","7,511.99",0,"1,424.14",784.67,639.47,"2,048.14","2,050.13",624,625.99
"7,512.00","7,519.99",0,"1,423.14",784.67,638.47,"2,049.14","2,049.80",626,626.66
"7,520.00","7,535.99",0,"1,422.14",784.67,637.47,"2,048.81","2,050.13",626.67,627.99
"7,536.00","7,559.99",0,"1,421.14",784.67,636.47,"2,049.14","2,051.13",628,629.99
"7,560.00","7,567.99",0,"1,420.14",784.67,635.47,"2,050.14","2,050.80",630,630.66
"7,568.00","7,583.99",0,"1,419.14",784.67,634.47,"2,049.81","2,051.13",630.67,631.99
"7,584.00","7,607.99",0,"1,418.14",784.67,633.47,"2,050.14","2,052.13",632,633.99
"7,608.00","7,615.99",0,"1,417.14",784.67,632.47,"2,051.14","2,051.80",634,634.66
"7,616.00","7,631.99",0,"1,416.14",784.67,631.47,"2,050.81","2,052.13",634.67,635.99
"7,632.00","7,655.99",0,"1,415.14",784.67,630.47,"2,051.14","2,053.13",636,637.99
"7,656.00","7,663.99",0,"1,414.14",784.67,629.47,"2,052.14","2,052.80",638,638.66
"7,664.00","7,679.99",0,"1,413.14",784.67,628.47,"2,051.81","2,053.13",638.67,639.99
"7,680.00","7,703.99",0,"1,412.14",784.67,627.47,"2,052.14","2,054.13",640,641.99
"7,704.00","7,711.99",0,"1,411.14",784.67,626.47,"2,053.14","2,053.80",642,642.66
"7,712.00","7,727.99",0,"1,410.14",784.67,625.47,"2,052.81","2,054.13",642.67,643.99
"7,728.00","7,751.99",0,"1,409.14",784.67,624.47,"2,053.14","2,055.13",644,645.99
"7,752.00","7,759.99",0,"1,408.14",784.67,623.47,"2,054.14","2,054.80",646,646.66
"7,760.00","7,775.99",0,"1,407.14",784.67,622.47,"2,053.81","2,055.13",646.67,647.99
"7,776.00","7,799.99",0,"1,406.14",784.67,621.47,"2,054.14","2,056.13",648,649.99
"7,800.00","7,807.99",0,"1,405.14",784.67,620.47,"2,055.14","2,055.80",650,650.66
"7,808.00","7,823.99",0,"1,404.14",784.67,619.47,"2,054.81","2,056.13",650.67,651.99
"7,824.00","7,847.99",0,"1,403.14",784.67,618.47,"2,055.14","2,057.13",652,653.99
"7,848.00","7,855.99",0,"1,402.14",784.67,617.47,"2,056.14","2,056.80",654,654.66
"7,856.00","7,871.99",0,"1,401.14",784.67,616.47,"2,055.81","2,057.13",654.67,655.99
"7,872.00","7,895.99",0,"1,400.14",784.67,615.47,"2,056.14","2,058.13",656,657.99
"7,896.00","7,903.99",0,"1,399.14",784.67,614.47,"2,057.14","2,057.80",658,658.66
"7,904.00","7,919.99",0,"1,398.14",784.67,613.47,"2,056.81","2,058.13",658.67,659.99
"7,920.00","7,943.99",0,"1,397.14",784.67,612.47,"2,057.14","2,059.13",660,661.99
"7,944.00","7,951.99",0,"1,396.14",784.67,611.47,"2,058.14","2,058.80",662,662.66
"7,952.00","7,967.99",0,"1,395.14",784.67,610.47,"2,057.81","2,059.13",662.67,663.99
"7,968.00","7,991.99",0,"1,394.14",784.67,609.47,"2,058.14","2,060.13",664,665.99
"7,992.00","7,999.99",0,"1,393.14",784.67,608.47,"2,059.14","2,059.80",666,666.66
"8,000.00","8,015.99",0,"1,392.14",784.67,607.47,"2,058.81","2,060.13",666.67,667.99
"8,016.00","8,039.99",0,"1,391.14",784.67,606.47,"2,059.14","2,061.13",668,669.99
"8,040.00","8,047.99",0,"1,390.14",784.67,605.47,"2,060.14","2,060.80",670,670.66
"8,048.00","8,063.99",0,"1,389.14",784.67,604.47,"2,059.81","2,061.13",670.67,671.99
"8,064.00","8,087.99",0,"1,388.14",784.67,603.47,"2,060.14","2,062.13",672,673.99
"8,088.00","8,095.99",0,"1,387.14",784.67,602.47,"2,061.14","2,061.80",674,674.66
"8,096.00","8,111.99",0,"1,386.14",784.67,601.47,"2,060.81","2,062.13",674.67,675.99
"8,112.00","8,135.99",0,"1,385.14",784.67,600.47,"2,061.14","2,063.13",676,677.99
"8,136.00","8,143.99",0,"1,384.14",784.67,599.47,"2,062.14","2,062.80",678,678.66
"8,144.00","8,159.99",0,"1,383.14",784.67,598.47,"2,061.81","2,063.13",678.67,679.99
"8,160.00","8,183.99",0,"1,382.14",784.67,597.47,"2,062.14","2,064.13",680,681.99
"8,184.00","8,191.99",0,"1,381.14",784.67,596.47,"2,063.14","2,063.80",682,682.66
"8,192.00","8,207.99",0,"1,380.14",784.67,595.47,"2,062.81","2,064.13",682.67,683.99
"8,208.00","8,231.99",0,"1,379.14",784.67,594.47,"2,063.14","2,065.13",684,685.99
"8,232.00","8,239.99",0,"1,378.14",784.67,593.47,"2,064.14","2,064.80",686,686.66
"8,240.00","8,255.99",0,"1,377.14",784.67,592.47,"2,063.81","2,065.13",686.67,687.99
"8,256.00","8,279.99",0,"1,376.14",784.67,591.47,"2,064.14","2,066.13",688,689.99
"8,280.00","8,287.99",0,"1,375.14",784.67,590.47,"2,065.14","2,065.80",690,690.66
"8,288.00","8,303.99",0,"1,374.14",784.67,589.47,"2,064.81","2,066.13",690.67,691.99
"8,304.00","8,327.99",0,"1,373.14",784.67,588.47,"2,065.14","2,067.13",692,693.99
"8,328.00","8,335.99",0,"1,372.14",784.67,587.47,"2,066.14","2,066.80",694,694.66
"8,336.00","8,351.99",0,"1,371.14",784.67,586.47,"2,065.81","2,067.13",694.67,695.99
"8,352.00","8,375.99",0,"1,370.14",784.67,585.47,"2,066.14","2,068.13",696,697.99
"8,376.00","8,383.99",0,"1,369.14",784.67,584.47,"2,067.14","2,067.80",698,698.66
"8,384.00","8,399.99",0,"1,368.14",784.67,583.47,"2,066.81","2,068.13",698.67,699.99
"8,400.00","8,423.99",0,"1,367.14",784.67,582.47,"2,067.14","2,069.13",700,701.99
"8,424.00","8,431.99",0,"1,366.14",784.67,581.47,"2,068.14","2,068.80",702,702.66
"8,432.00","8,447.99",0,"1,365.14",784.67,580.47,"2,067.81","2,069.13",702.67,703.99
"8,448.00","8,471.99",0,"1,364.14",784.67,579.47,"2,068.14","2,070.13",704,705.99
"8,472.00","8,479.99",0,"1,363.14",784.67,578.47,"2,069.14","2,069.80",706,706.66
"8,480.00","8,495.99",0,"1,362.14",784.67,577.47,"2,068.81","2,070.13",706.67,707.99
"8,496.00","8,519.99",0,"1,361.14",784.67,576.47,"2,069.14","2,071.13",708,709.99
"8,520.00","8,527.99",0,"1,360.14",784.67,575.47,"2,070.14","2,070.80",710,710.66
"8,528.00","8,543.99",0,"1,359.14",784.67,574.47,"2,069.81","2,071.13",710.67,711.99
"8,544.00","8,567.99",0,"1,358.14",784.67,573.47,"2,070.14","2,072.13",712,713.99
"8,568.00","8,575.99",0,"1,357.14",784.67,572.47,"2,071.14","2,071.80",714,714.66
"8,576.00","8,591.99",0,"1,356.14",784.67,571.47,"2,070.81","2,072.13",714.67,715.99
"8,592.00","8,615.99",0,"1,355.14",784.67,570.47,"2,071.14","2,073.13",716,717.99
"8,616.00","8,623.99",0,"1,354.14",784.67,569.47,"2,072.14","2,072.80",718,718.66
"8,624.00","8,639.99",0,"1,353.14",784.67,568.47,"2,071.81","2,073.13",718.67,719.99
"8,640.00","8,663.99",0,"1,352.14",784.67,567.47,"2,072.14","2,074.13",720,721.99
"8,664.00","8,671.99",0,"1,351.14",784.67,566.47,"2,073.14","2,073.80",722,722.66
"8,672.00","8,687.99",0,"1,350.14",784.67,565.47,"2,072.81","2,074.13",722.67,723.99
"8,688.00","8,711.99",0,"1,349.14",784.67,564.47,"2,073.14","2,075.13",724,725.99
"8,712.00","8,719.99",0,"1,348.14",784.67,563.47,"2,074.14","2,074.80",726,726.66
"8,720.00","8,735.99",0,"1,347.14",784.67,562.47,"2,073.81","2,075.13",726.67,727.99
"8,736.00","8,759.99",0,"1,346.14",784.67,561.47,"2,074.14","2,076.13",728,729.99
"8,760.00","8,767.99",0,"1,345.14",784.67,560.47,"2,075.14","2,075.80",730,730.66
"8,768.00","8,783.99",0,"1,344.14",784.67,559.47,"2,074.81","2,076.13",730.67,731.99
"8,784.00","8,807.99",0,"1,343.14",784.67,558.47,"2,075.14","2,077.13",732,733.99
"8,808.00","8,815.99",0,"1,342.14",784.67,557.47,"2,076.14","2,076.80",734,734.66
"8,816.00","8,831.99",0,"1,341.14",784.67,556.47,"2,075.81","2,077.13",734.67,735.99
"8,832.00","8,855.99",0,"1,340.14",784.67,555.47,"2,076.14","2,078.13",736,737.99
"8,856.00","8,863.99",0,"1,339.14",784.67,554.47,"2,077.14","2,077.80",738,738.66
"8,864.00","8,879.99",0,"1,338.14",784.67,553.47,"2,076.81","2,078.13",738.67,739.99
"8,880.00","8,903.99",0,"1,337.14",784.67,552.47,"2,077.14","2,079.13",740,741.99
"8,904.00","8,911.99",0,"1,336.14",784.67,551.47,"2,078.14","2,078.80",742,742.66
"8,912.00","8,927.99",0,"1,335.14",784.67,550.47,"2,077.81","2,079.13",742.67,743.99
"8,928.00","8,951.99",0,"1,334.14",784.67,549.47,"2,078.14","2,080.13",744,745.99
"8,952.00","8,959.99",0,"1,333.14",784.67,548.47,"2,079.14","2,079.80",746,746.66
"8,960.00","8,975.99",0,"1,332.14",784.67,547.47,"2,078.81","2,080.13",746.67,747.99
"8,976.00","8,999.99",0,"1,331.14",784.67,546.47,"2,079.14","2,081.13",748,749.99
"9,000.00","9,007.99",0,"1,330.14",784.67,545.47,"2,080.14","2,080.80",750,750.66
"9,008.00","9,023.99",0,"1,329.14",784.67,544.47,"2,079.81","2,081.13",750.67,751.99
"9,024.00","9,047.99",0,"1,328.14",784.67,543.47,"2,080.14","2,082.13",752,753.99
"9,048.00","9,055.99",0,"1,327.14",784.67,542.47,"2,081.14","2,081.80",754,754.66
"9,056.00","9,071.99",0,"1,326.14",784.67,541.47,"2,080.81","2,082.13",754.67,755.99
"9,072.00","9,095.99",0,"1,325.14",784.67,540.47,"2,081.14","2,083.13",756,757.99
"9,096.00","9,103.99",0,"1,324.14",784.67,539.47,"2,082.14","2,082.80",758,758.66
"9,104.00","9,119.99",0,"1,323.14",784.67,538.47,"2,081.81","2,083.13",758.67,759.99
"9,120.00","9,143.99",0,"1,322.14",784.67,537.47,"2,082.14","2,084.13",760,761.99
"9,144.00","9,151.99",0,"1,321.14",784.67,536.47,"2,083.14","2,083.80",762,762.66
"9,152.00","9,167.99",0,"1,320.14",784.67,535.47,"2,082.81","2,084.13",762.67,763.99
"9,168.00","9,191.99",0,"1,319.14",784.67,534.47,"2,083.14","2,085.13",764,765.99
"9,192.00","9,199.99",0,"1,318.14",784.67,533.47,"2,084.14","2,084.80",766,766.66
"9,200.00","9,215.99",0,"1,317.14",784.67,532.47,"2,083.81","2,085.13",766.67,767.99
"9,216.00","9,239.99",0,"1,316.14",784.67,531.47,"2,084.14","2,086.13",768,769.99
"9,240.00","9,247.99",0,"1,315.14",784.67,530.47,"2,085.14","2,085.80",770,770.66
"9,248.00","9,263.99",0,"1,314.14",784.67,529.47,"2,084.81","2,086.13",770.67,771.99
"9,264.00","9,287.99",0,"1,313.14",784.67,528.47,"2,085.14","2,087.13",772,773.99
"9,288.00","9,295.99",0,"1,312.14",784.67,527.47,"2,086.14","2,086.80",774,774.66
"9,296.00","9,311.99",0,"1,311.14",784.67,526.47,"2,085.81","2,087.13",774.67,775.99
"9,312.00","9,335.99",0,"1,310.14",784.67,525.47,"2,086.14","2,088.13",776,777.99
"9,336.00","9,343.99",0,"1,309.14",784.67,524.47,"2,087.14","2,087.80",778,778.66
"9,344.00","9,359.99",0,"1,308.14",784.67,523.47,"2,086.81","2,088.13",778.67,779.99
"9,360.00","9,383.99",0,"1,307.14",784.67,522.47,"2,087.14","2,089.13",780,781.99
"9,384.00","9,391.99",0,"1,306.14",784.67,521.47,"2,088.14","2,088.80",782,782.66
"9,392.00","9,407.99",0,"1,305.14",784.67,520.47,"2,087.81","2,089.13",782.67,783.99
"9,408.00","9,431.99",0,"1,304.14",784.67,519.47,"2,088.14","2,090.13",784,785.99
"9,432.00","9,439.99",0,"1,303.14",784.67,518.47,"2,089.14","2,089.80",786,786.66
"9,440.00","9,455.99",0,"1,302.14",784.67,517.47,"2,088.81","2,090.13",786.67,787.99
"9,456.00","9,479.99",0,"1,301.14",784.67,516.47,"2,089.14","2,091.13",788,789.99
"9,480.00","9,487.99",0,"1,300.14",784.67,515.47,"2,090.14","2,090.80",790,790.66
"9,488.00","9,503.99",0,"1,299.14",784.67,514.47,"2,089.81","2,091.13",790.67,791.99
"9,504.00","9,527.99",0,"1,298.14",784.67,513.47,"2,090.14","2,092.13",792,793.99
"9,528.00","9,535.99",0,"1,297.14",784.67,512.47,"2,091.14","2,091.80",794,794.66
"9,536.00","9,551.99",0,"1,296.14",784.67,511.47,"2,090.81","2,092.13",794.67,795.99
"9,552.00","9,575.99",0,"1,295.14",784.67,510.47,"2,091.14","2,093.13",796,797.99
"9,576.00","9,583.99",0,"1,294.14",784.67,509.47,"2,092.14","2,092.80",798,798.66
"9,584.00","9,599.99",0,"1,293.14",784.67,508.47,"2,091.81","2,093.13",798.67,799.99
"9,600.00","9,623.99",0,"1,292.14",784.67,507.47,"2,092.14","2,094.13",800,801.99
"9,624.00","9,631.99",0,"1,291.14",784.67,506.47,"2,093.14","2,093.80",802,802.66
"9,632.00","9,647.99",0,"1,290.14",784.67,505.47,"2,092.81","2,094.13",802.67,803.99
"9,648.00","9,671.99",0,"1,289.14",784.67,504.47,"2,093.14","2,095.13",804,805.99
"9,672.00","9,679.99",0,"1,288.14",784.67,503.47,"2,094.14","2,094.80",806,806.66
"9,680.00","9,695.99",0,"1,287.14",784.67,502.47,"2,093.81","2,095.13",806.67,807.99
"9,696.00","9,719.99",0,"1,286.14",784.67,501.47,"2,094.14","2,096.13",808,809.99
"9,720.00","9,727.99",0,"1,285.14",784.67,500.47,"2,095.14","2,095.80",810,810.66
"9,728.00","9,743.99",0,"1,284.14",784.67,499.47,"2,094.81","2,096.13",810.67,811.99
"9,744.00","9,767.99",0,"1,283.14",784.67,498.47,"2,095.14","2,097.13",812,813.99
"9,768.00","9,775.99",0,"1,282.14",784.67,497.47,"2,096.14","2,096.80",814,814.66
"9,776.00","9,791.99",0,"1,281.14",784.67,496.47,"2,095.81","2,097.13",814.67,815.99
"9,792.00","9,815.99",0,"1,280.14",784.67,495.47,"2,096.14","2,098.13",816,817.99
"9,816.00","9,823.99",0,"1,279.14",784.67,494.47,"2,097.14","2,097.80",818,818.66
"9,824.00","9,839.99",0,"1,278.14",784.67,493.47,"2,096.81","2,098.13",818.67,819.99
"9,840.00","9,863.99",0,"1,277.14",784.67,492.47,"2,097.14","2,099.13",820,821.99
"9,864.00","9,871.99",0,"1,276.14",784.67,491.47,"2,098.14","2,098.80",822,822.66
"9,872.00","9,887.99",0,"1,275.14",784.67,490.47,"2,097.81","2,099.13",822.67,823.99
"9,888.00","9,911.99",0,"1,274.14",784.67,489.47,"2,098.14","2,100.13",824,825.99
"9,912.00","9,919.99",0,"1,273.14",784.67,488.47,"2,099.14","2,099.80",826,826.66
"9,920.00","9,935.99",0,"1,272.14",784.67,487.47,"2,098.81","2,100.13",826.67,827.99
"9,936.00","9,959.99",0,"1,271.14",784.67,486.47,"2,099.14","2,101.13",828,829.99
"9,960.00","9,967.99",0,"1,270.14",784.67,485.47,"2,100.14","2,100.80",830,830.66
"9,968.00","9,983.99",0,"1,270.10",784.67,485.43,"2,100.77","2,102.09",830.67,831.99
"9,984.00","10,007.99",0,"1,269.10",784.67,484.43,"2,101.10","2,103.09",832,833.99
"10,008.00","10,031.99",0,"1,268.10",784.67,483.43,"2,102.10","2,104.09",834,835.99
"10,032.00","10,055.99",0,"1,267.10",784.67,482.43,"2,103.10","2,105.09",836,837.99
"10,056.00","10,079.99",0,"1,266.10",784.67,481.43,"2,104.10","2,106.09",838,839.99
"10,080.00","10,103.99",0,"1,265.10",784.67,480.43,"2,105.10","2,107.09",840,841.99
"10,104.00","10,127.99",0,"1,264.10",784.67,479.43,"2,106.10","2,108.09",842,843.99
"10,128.00","10,151.99",0,"1,263.10",784.67,478.43,"2,107.10","2,109.09",844,845.99
"10,152.00","10,175.99",0,"1,262.10",784.67,477.43,"2,108.10","2,110.09",846,847.99
"10,176.00","10,199.99",0,"1,261.10",784.67,476.43,"2,109.10","2,111.09",848,849.99
"10,200.00","10,223.99",0,"1,260.10",784.67,475.43,"2,110.10","2,112.09",850,851.99
"10,224.00","10,247.99",0,"1,259.10",784.67,474.43,"2,111.10","2,113.09",852,853.99
"10,248.00","10,271.99",0,"1,258.10",784.67,473.43,"2,112.10","2,114.09",854,855.99
"10,272.00","10,295.99",0,"1,257.10",784.67,472.43,"2,113.10","2,115.09",856,857.99
"10,296.00","10,319.99",0,"1,256.10",784.67,471.43,"2,114.10","2,116.09",858,859.99
"10,320.00","10,343.99",0,"1,255.10",784.67,470.43,"2,115.10","2,117.09",860,861.99
"10,344.00","10,367.99",0,"1,254.10",784.67,469.43,"2,116.10","2,118.09",862,863.99
"10,368.00","10,391.99",0,"1,253.10",784.67,468.43,"2,117.10","2,119.09",864,865.99
"10,392.00","10,415.99",0,"1,252.10",784.67,467.43,"2,118.10","2,120.09",866,867.99
"10,416.00","10,439.99",0,"1,251.10",784.67,466.43,"2,119.10","2,121.09",868,869.99
"10,440.00","10,463.99",0,"1,250.10",784.67,465.43,"2,120.10","2,122.09",870,871.99
"10,464.00","10,487.99",0,"1,249.10",784.67,464.43,"2,121.10","2,123.09",872,873.99
"10,488.00","10,511.99",0,"1,248.10",784.67,463.43,"2,122.10","2,124.09",874,875.99
"10,512.00","10,535.99",0,"1,247.10",784.67,462.43,"2,123.10","2,125.09",876,877.99
"10,536.00","10,559.99",0,"1,246.10",784.67,461.43,"2,124.10","2,126.09",878,879.99
"10,560.00","10,583.99",0,"1,245.10",784.67,460.43,"2,125.10","2,127.09",880,881.99
"10,584.00","10,607.99",0,"1,244.10",784.67,459.43,"2,126.10","2,128.09",882,883.99
"10,608.00","10,631.99",0,"1,243.10",784.67,458.43,"2,127.10","2,129.09",884,885.99
"10,632.00","10,655.99",0,"1,242.10",784.67,457.43,"2,128.10","2,130.09",886,887.99
"10,656.00","10,679.99",0,"1,241.10",784.67,456.43,"2,129.10","2,131.09",888,889.99
"10,680.00","10,703.99",0,"1,240.10",784.67,455.43,"2,130.10","2,132.09",890,891.99
"10,704.00","10,727.99",0,"1,239.10",784.67,454.43,"2,131.10","2,133.09",892,893.99
"10,728.00","10,751.99",0,"1,238.10",784.67,453.43,"2,132.10","2,134.09",894,895.99
"10,752.00","10,775.99",0,"1,237.10",784.67,452.43,"2,133.10","2,135.09",896,897.99
"10,776.00","10,799.99",0,"1,236.10",784.67,451.43,"2,134.10","2,136.09",898,899.99
"10,800.00","10,823.99",0,"1,235.10",784.67,450.43,"2,135.10","2,137.09",900,901.99
"10,824.00","10,847.99",0,"1,234.10",784.67,449.43,"2,136.10","2,138.09",902,903.99
"10,848.00","10,871.99",0,"1,233.10",784.67,448.43,"2,137.10","2,139.09",904,905.99
"10,872.00","10,895.99",0,"1,232.10",784.67,447.43,"2,138.10","2,140.09",906,907.99
"10,896.00","10,919.99",0,"1,231.10",784.67,446.43,"2,139.10","2,141.09",908,909.99
"10,920.00","10,943.99",0,"1,230.10",784.67,445.43,"2,140.10","2,142.09",910,911.99
"10,944.00","10,967.99",0,"1,229.10",784.67,444.43,"2,141.10","2,143.09",912,913.99
"10,968.00","10,991.99",0,"1,228.10",784.67,443.43,"2,142.10","2,144.09",914,915.99
"10,992.00","11,015.99",0,"1,227.10",784.67,442.43,"2,143.10","2,145.09",916,917.99
"11,016.00","11,039.99",0,"1,226.10",784.67,441.43,"2,144.10","2,146.09",918,919.99
"11,040.00","11,063.99",0,"1,225.10",784.67,440.43,"2,145.10","2,147.09",920,921.99
"11,064.00","11,087.99",0,"1,224.10",784.67,439.43,"2,146.10","2,148.09",922,923.99
"11,088.00","11,111.99",0,"1,223.10",784.67,438.43,"2,147.10","2,149.09",924,925.99
"11,112.00","11,135.99",0,"1,222.10",784.67,437.43,"2,148.10","2,150.09",926,927.99
"11,136.00","11,159.99",0,"1,221.10",784.67,436.43,"2,149.10","2,151.09",928,929.99
"11,160.00","11,183.99",0,"1,220.10",784.67,435.43,"2,150.10","2,152.09",930,931.99
"11,184.00","11,207.99",0,"1,219.10",784.67,434.43,"2,151.10","2,153.09",932,933.99
"11,208.00","11,231.99",0,"1,218.10",784.67,433.43,"2,152.10","2,154.09",934,935.99
"11,232.00","11,255.99",0,"1,217.10",784.67,432.43,"2,153.10","2,155.09",936,937.99
"11,256.00","11,279.99",0,"1,216.10",784.67,431.43,"2,154.10","2,156.09",938,939.99
"11,280.00","11,303.99",0,"1,215.10",784.67,430.43,"2,155.10","2,157.09",940,941.99
"11,304.00","11,327.99",0,"1,214.10",784.67,429.43,"2,156.10","2,158.09",942,943.99
"11,328.00","11,351.99",0,"1,213.10",784.67,428.43,"2,157.10","2,159.09",944,945.99
"11,352.00","11,375.99",0,"1,212.10",784.67,427.43,"2,158.10","2,160.09",946,947.99
"11,376.00","11,399.99",0,"1,211.10",784.67,426.43,"2,159.10","2,161.09",948,949.99
"11,400.00","11,423.99",0,"1,210.10",784.67,425.43,"2,160.10","2,162.09",950,951.99
"11,424.00","11,447.99",0,"1,209.10",784.67,424.43,"2,161.10","2,163.09",952,953.99
"11,448.00","11,471.99",0,"1,208.10",784.67,423.43,"2,162.10","2,164.09",954,955.99
"11,472.00","11,495.99",0,"1,207.10",784.67,422.43,"2,163.10","2,165.09",956,957.99
"11,496.00","11,519.99",0,"1,206.10",784.67,421.43,"2,164.10","2,166.09",958,959.99
"11,520.00","11,543.99",0,"1,205.10",784.67,420.43,"2,165.10","2,167.09",960,961.99
"11,544.00","11,567.99",0,"1,204.10",784.67,419.43,"2,166.10","2,168.09",962,963.99
"11,568.00","11,591.99",0,"1,203.10",784.67,418.43,"2,167.10","2,169.09",964,965.99
"11,592.00","11,615.99",0,"1,202.10",784.67,417.43,"2,168.10","2,170.09",966,967.99
"11,616.00","11,639.99",0,"1,201.10",784.67,416.43,"2,169.10","2,171.09",968,969.99
"11,640.00","11,663.99",0,"1,200.10",784.67,415.43,"2,170.10","2,172.09",970,971.99
"11,664.00","11,687.99",0,"1,199.10",784.67,414.43,"2,171.10","2,173.09",972,973.99
"11,688.00","11,711.99",0,"1,198.10",784.67,413.43,"2,172.10","2,174.09",974,975.99
"11,712.00","11,735.99",0,"1,197.10",784.67,412.43,"2,173.10","2,175.09",976,977.99
"11,736.00","11,759.99",0,"1,196.10",784.67,411.43,"2,174.10","2,176.09",978,979.99
"11,760.00","11,783.99",0,"1,195.10",784.67,410.43,"2,175.10","2,177.09",980,981.99
"11,784.00","11,807.99",0,"1,194.10",784.67,409.43,"2,176.10","2,178.09",982,983.99
"11,808.00","11,831.99",0,"1,193.10",784.67,408.43,"2,177.10","2,179.09",984,985.99
"11,832.00","11,855.99",0,"1,192.10",784.67,407.43,"2,178.10","2,180.09",986,987.99
"11,856.00","11,879.99",0,"1,191.10",784.67,406.43,"2,179.10","2,181.09",988,989.99
"11,880.00","11,903.99",0,"1,190.10",784.67,405.43,"2,180.10","2,182.09",990,991.99
"11,904.00","11,927.99",0,"1,189.10",784.67,404.43,"2,181.10","2,183.09",992,993.99
"11,928.00","11,951.99",0,"1,188.10",784.67,403.43,"2,182.10","2,184.09",994,995.99
"11,952.00","11,975.99",0,"1,187.10",784.67,402.43,"2,183.10","2,185.09",996,997.99
"11,976.00","11,999.99",0,"1,186.10",784.67,401.43,"2,184.10","2,186.09",998,999.99
"12,000.00","12,023.99",0,"1,185.10",784.67,400.43,"2,185.10","2,187.09","1,000.00","1,001.99"
"12,024.00","12,047.99",0,"1,184.10",784.67,399.43,"2,186.10","2,188.09","1,002.00","1,003.99"
"12,048.00","12,071.99",0,"1,183.10",784.67,398.43,"2,187.10","2,189.09","1,004.00","1,005.99"
"12,072.00","12,095.99",0,"1,182.10",784.67,397.43,"2,188.10","2,190.09","1,006.00","1,007.99"
"12,096.00","12,119.99",0,"1,181.10",784.67,396.43,"2,189.10","2,191.09","1,008.00","1,009.99"
"12,120.00","12,143.99",0,"1,180.10",784.67,395.43,"2,190.10","2,192.09","1,010.00","1,011.99"
"12,144.00","12,167.99",0,"1,179.10",784.67,394.43,"2,191.10","2,193.09","1,012.00","1,013.99"
"12,168.00","12,191.99",0,"1,178.10",784.67,393.43,"2,192.10","2,194.09","1,014.00","1,015.99"
"12,192.00","12,215.99",0,"1,177.10",784.67,392.43,"2,193.10","2,195.09","1,016.00","1,017.99"
"12,216.00","12,239.99",0,"1,176.10",784.67,391.43,"2,194.10","2,196.09","1,018.00","1,019.99"
"12,240.00","12,263.99",0,"1,175.10",784.67,390.43,"2,195.10","2,197.09","1,020.00","1,021.99"
"12,264.00","12,287.99",0,"1,174.10",784.67,389.43,"2,196.10","2,198.09","1,022.00","1,023.99"
"12,288.00","12,311.99",0,"1,173.10",784.67,388.43,"2,197.10","2,199.09","1,024.00","1,025.99"
"12,312.00","12,335.99",0,"1,172.10",784.67,387.43,"2,198.10","2,200.09","1,026.00","1,027.99"
"12,336.00","12,359.99",0,"1,171.10",784.67,386.43,"2,199.10","2,201.09","1,028.00","1,029.99"
"12,360.00","12,383.99",0,"1,170.10",784.67,385.43,"2,200.10","2,202.09","1,030.00","1,031.99"
"12,384.00","12,407.99",0,"1,169.10",784.67,384.43,"2,201.10","2,203.09","1,032.00","1,033.99"
"12,408.00","12,431.99",0,"1,168.10",784.67,383.43,"2,202.10","2,204.09","1,034.00","1,035.99"
"12,432.00","12,455.99",0,"1,167.10",784.67,382.43,"2,203.10","2,205.09","1,036.00","1,037.99"
"12,456.00","12,479.99",0,"1,166.10",784.67,381.43,"2,204.10","2,206.09","1,038.00","1,039.99"
"12,480.00","12,503.99",0,"1,165.10",784.67,380.43,"2,205.10","2,207.09","1,040.00","1,041.99"
"12,504.00","12,527.99",0,"1,164.10",784.67,379.43,"2,206.10","2,208.09","1,042.00","1,043.99"
"12,528.00","12,551.99",0,"1,163.10",784.67,378.43,"2,207.10","2,209.09","1,044.00","1,045.99"
"12,552.00","12,575.99",0,"1,162.10",784.67,377.43,"2,208.10","2,210.09","1,046.00","1,047.99"
"12,576.00","12,599.99",0,"1,161.10",784.67,376.43,"2,209.10","2,211.09","1,048.00","1,049.99"
"12,600.00","12,623.99",0,"1,160.10",784.67,375.43,"2,210.10","2,212.09","1,050.00","1,051.99"
"12,624.00","12,647.99",0,"1,159.10",784.67,374.43,"2,211.10","2,213.09","1,052.00","1,053.99"
"12,648.00","12,671.99",0,"1,158.10",784.67,373.43,"2,212.10","2,214.09","1,054.00","1,055.99"
"12,672.00","12,695.99",0,"1,157.10",784.67,372.43,"2,213.10","2,215.09","1,056.00","1,057.99"
"12,696.00","12,719.99",0,"1,156.10",784.67,371.43,"2,214.10","2,216.09","1,058.00","1,059.99"
"12,720.00","12,743.99",0,"1,155.10",784.67,370.43,"2,215.10","2,217.09","1,060.00","1,061.99"
"12,744.00","12,767.99",0,"1,154.10",784.67,369.43,"2,216.10","2,218.09","1,062.00","1,063.99"
"12,768.00","12,791.99",0,"1,153.10",784.67,368.43,"2,217.10","2,219.09","1,064.00","1,065.99"
"12,792.00","12,815.99",0,"1,152.10",784.67,367.43,"2,218.10","2,220.09","1,066.00","1,067.99"
"12,816.00","12,839.99",0,"1,151.10",784.67,366.43,"2,219.10","2,221.09","1,068.00","1,069.99"
"12,840.00","12,863.99",0,"1,150.10",784.67,365.43,"2,220.10","2,222.09","1,070.00","1,071.99"
"12,864.00","12,887.99",0,"1,149.10",784.67,364.43,"2,221.10","2,223.09","1,072.00","1,073.99"
"12,888.00","12,911.99",0,"1,148.10",784.67,363.43,"2,222.10","2,224.09","1,074.00","1,075.99"
"12,912.00","12,935.99",0,"1,147.10",784.67,362.43,"2,223.10","2,225.09","1,076.00","1,077.99"
"12,936.00","12,959.99",0,"1,146.10",784.67,361.43,"2,224.10","2,226.09","1,078.00","1,079.99"
"12,960.00","12,983.99",0,"1,145.10",784.67,360.43,"2,225.10","2,227.09","1,080.00","1,081.99"
"12,984.00","13,007.99",0,"1,144.10",784.67,359.43,"2,226.10","2,228.09","1,082.00","1,083.99"
"13,008.00","13,031.99",0,"1,143.10",784.67,358.43,"2,227.10","2,229.09","1,084.00","1,085.99"
"13,032.00","13,055.99",0,"1,142.10",784.67,357.43,"2,228.10","2,230.09","1,086.00","1,087.99"
"13,056.00","13,079.99",0,"1,141.10",784.67,356.43,"2,229.10","2,231.09","1,088.00","1,089.99"
"13,080.00","13,103.99",0,"1,140.10",784.67,355.43,"2,230.10","2,232.09","1,090.00","1,091.99"
"13,104.00","13,127.99",0,"1,139.10",784.67,354.43,"2,231.10","2,233.09","1,092.00","1,093.99"
"13,128.00","13,151.99",0,"1,138.10",784.67,353.43,"2,232.10","2,234.09","1,094.00","1,095.99"
"13,152.00","13,175.99",0,"1,137.10",784.67,352.43,"2,233.10","2,235.09","1,096.00","1,097.99"
"13,176.00","13,199.99",0,"1,136.10",784.67,351.43,"2,234.10","2,236.09","1,098.00","1,099.99"
"13,200.00","13,223.99",0,"1,135.10",784.67,350.43,"2,235.10","2,237.09","1,100.00","1,101.99"
"13,224.00","13,247.99",0,"1,134.10",784.67,349.43,"2,236.10","2,238.09","1,102.00","1,103.99"
"13,248.00","13,271.99",0,"1,133.10",784.67,348.43,"2,237.10","2,239.09","1,104.00","1,105.99"
"13,272.00","13,295.99",0,"1,132.10",784.67,347.43,"2,238.10","2,240.09","1,106.00","1,107.99"
"13,296.00","13,319.99",0,"1,131.10",784.67,346.43,"2,239.10","2,241.09","1,108.00","1,109.99"
"13,320.00","13,343.99",0,"1,130.10",784.67,345.43,"2,240.10","2,242.09","1,110.00","1,111.99"
"13,344.00","13,367.99",0,"1,129.10",784.67,344.43,"2,241.10","2,243.09","1,112.00","1,113.99"
"13,368.00","13,391.99",0,"1,128.10",784.67,343.43,"2,242.10","2,244.09","1,114.00","1,115.99"
"13,392.00","13,415.99",0,"1,127.10",784.67,342.43,"2,243.10","2,245.09","1,116.00","1,117.99"
"13,416.00","13,439.99",0,"1,126.10",784.67,341.43,"2,244.10","2,246.09","1,118.00","1,119.99"
"13,440.00","13,463.99",0,"1,125.10",784.67,340.43,"2,245.10","2,247.09","1,120.00","1,121.99"
"13,464.00","13,487.99",0,"1,124.10",784.67,339.43,"2,246.10","2,248.09","1,122.00","1,123.99"
"13,488.00","13,511.99",0,"1,123.10",784.67,338.43,"2,247.10","2,249.09","1,124.00","1,125.99"
"13,512.00","13,535.99",0,"1,122.10",784.67,337.43,"2,248.10","2,250.09","1,126.00","1,127.99"
"13,536.00","13,559.99",0,"1,121.10",784.67,336.43,"2,249.10","2,251.09","1,128.00","1,129.99"
"13,560.00","13,583.99",0,"1,120.10",784.67,335.43,"2,250.10","2,252.09","1,130.00","1,131.99"
"13,584.00","13,607.99",0,"1,119.10",784.67,334.43,"2,251.10","2,253.09","1,132.00","1,133.99"
"13,608.00","13,631.99",0,"1,118.10",784.67,333.43,"2,252.10","2,254.09","1,134.00","1,135.99"
"13,632.00","13,655.99",0,"1,117.10",784.67,332.43,"2,253.10","2,255.09","1,136.00","1,137.99"
"13,656.00","13,679.99",0,"1,116.10",784.67,331.43,"2,254.10","2,256.09","1,138.00","1,139.99"
"13,680.00","13,703.99",0,"1,115.10",784.67,330.43,"2,255.10","2,257.09","1,140.00","1,141.99"
"13,704.00","13,727.99",0,"1,114.10",784.67,329.43,"2,256.10","2,258.09","1,142.00","1,143.99"
"13,728.00","13,751.99",0,"1,113.10",784.67,328.43,"2,257.10","2,259.09","1,144.00","1,145.99"
"13,752.00","13,775.99",0,"1,112.10",784.67,327.43,"2,258.10","2,260.09","1,146.00","1,147.99"
"13,776.00","13,799.99",0,"1,111.10",784.67,326.43,"2,259.10","2,261.09","1,148.00","1,149.99"
"13,800.00","13,823.99",0,"1,110.10",784.67,325.43,"2,260.10","2,262.09","1,150.00","1,151.99"
"13,824.00","13,847.99",0,"1,109.10",784.67,324.43,"2,261.10","2,263.09","1,152.00","1,153.99"
"13,848.00","13,871.99",0,"1,108.10",784.67,323.43,"2,262.10","2,264.09","1,154.00","1,155.99"
"13,872.00","13,895.99",0,"1,107.10",784.67,322.43,"2,263.10","2,265.09","1,156.00","1,157.99"
"13,896.00","13,919.99",0,"1,106.10",784.67,321.43,"2,264.10","2,266.09","1,158.00","1,159.99"
"13,920.00","13,943.99",0,"1,105.10",784.67,320.43,"2,265.10","2,267.09","1,160.00","1,161.99"
"13,944.00","13,967.99",0,"1,104.10",784.67,319.43,"2,266.10","2,268.09","1,162.00","1,163.99"
"13,968.00","13,991.99",0,"1,103.10",784.67,318.43,"2,267.10","2,269.09","1,164.00","1,165.99"
"13,992.00","14,015.99",0,"1,102.10",784.67,317.43,"2,268.10","2,270.09","1,166.00","1,167.99"
"14,016.00","14,039.99",0,"1,101.10",784.67,316.43,"2,269.10","2,271.09","1,168.00","1,169.99"
"14,040.00","14,063.99",0,"1,100.10",784.67,315.43,"2,270.10","2,272.09","1,170.00","1,171.99"
"14,064.00","14,087.99",0,"1,099.10",784.67,314.43,"2,271.10","2,273.09","1,172.00","1,173.99"
"14,088.00","14,111.99",0,"1,098.10",784.67,313.43,"2,272.10","2,274.09","1,174.00","1,175.99"
"14,112.00","14,135.99",0,"1,097.10",784.67,312.43,"2,273.10","2,275.09","1,176.00","1,177.99"
"14,136.00","14,159.99",0,"1,096.10",784.67,311.43,"2,274.10","2,276.09","1,178.00","1,179.99"
"14,160.00","14,183.99",0,"1,095.10",784.67,310.43,"2,275.10","2,277.09","1,180.00","1,181.99"
"14,184.00","14,207.99",0,"1,094.10",784.67,309.43,"2,276.10","2,278.09","1,182.00","1,183.99"
"14,208.00","14,231.99",0,"1,093.10",784.67,308.43,"2,277.10","2,279.09","1,184.00","1,185.99"
"14,232.00","14,255.99",0,"1,092.10",784.67,307.43,"2,278.10","2,280.09","1,186.00","1,187.99"
"14,256.00","14,279.99",0,"1,091.10",784.67,306.43,"2,279.10","2,281.09","1,188.00","1,189.99"
"14,280.00","14,303.99",0,"1,090.10",784.67,305.43,"2,280.10","2,282.09","1,190.00","1,191.99"
"14,304.00","14,327.99",0,"1,089.10",784.67,304.43,"2,281.10","2,283.09","1,192.00","1,193.99"
"14,328.00","14,351.99",0,"1,088.10",784.67,303.43,"2,282.10","2,284.09","1,194.00","1,195.99"
"14,352.00","14,375.99",0,"1,087.10",784.67,302.43,"2,283.10","2,285.09","1,196.00","1,197.99"
"14,376.00","14,399.99",0,"1,086.10",784.67,301.43,"2,284.10","2,286.09","1,198.00","1,199.99"
"14,400.00","14,423.99",0,"1,085.10",784.67,300.43,"2,285.10","2,287.09","1,200.00","1,201.99"
"14,424.00","14,447.99",0,"1,084.10",784.67,299.43,"2,286.10","2,288.09","1,202.00","1,203.99"
"14,448.00","14,471.99",0,"1,083.10",784.67,298.43,"2,287.10","2,289.09","1,204.00","1,205.99"
"14,472.00","14,495.99",0,"1,082.10",784.67,297.43,"2,288.10","2,290.09","1,206.00","1,207.99"
"14,496.00","14,519.99",0,"1,081.10",784.67,296.43,"2,289.10","2,291.09","1,208.00","1,209.99"
"14,520.00","14,543.99",0,"1,080.10",784.67,295.43,"2,290.10","2,292.09","1,210.00","1,211.99"
"14,544.00","14,567.99",0,"1,079.10",784.67,294.43,"2,291.10","2,293.09","1,212.00","1,213.99"
"14,568.00","14,591.99",0,"1,078.10",784.67,293.43,"2,292.10","2,294.09","1,214.00","1,215.99"
"14,592.00","14,615.99",0,"1,077.10",784.67,292.43,"2,293.10","2,295.09","1,216.00","1,217.99"
"14,616.00","14,639.99",0,"1,076.10",784.67,291.43,"2,294.10","2,296.09","1,218.00","1,219.99"
"14,640.00","14,663.99",0,"1,075.10",784.67,290.43,"2,295.10","2,297.09","1,220.00","1,221.99"
"14,664.00","14,687.99",0,"1,074.10",784.67,289.43,"2,296.10","2,298.09","1,222.00","1,223.99"
"14,688.00","14,711.99",0,"1,073.10",784.67,288.43,"2,297.10","2,299.09","1,224.00","1,225.99"
"14,712.00","14,735.99",0,"1,072.10",784.67,287.43,"2,298.10","2,300.09","1,226.00","1,227.99"
"14,736.00","14,759.99",0,"1,071.10",784.67,286.43,"2,299.10","2,301.09","1,228.00","1,229.99"
"14,760.00","14,783.99",0,"1,070.10",784.67,285.43,"2,300.10","2,302.09","1,230.00","1,231.99"
"14,784.00","14,807.99",0,"1,069.10",784.67,284.43,"2,301.10","2,303.09","1,232.00","1,233.99"
"14,808.00","14,831.99",0,"1,068.10",784.67,283.43,"2,302.10","2,304.09","1,234.00","1,235.99"
"14,832.00","14,855.99",0,"1,067.10",784.67,282.43,"2,303.10","2,305.09","1,236.00","1,237.99"
"14,856.00","14,879.99",0,"1,066.10",784.67,281.43,"2,304.10","2,306.09","1,238.00","1,239.99"
"14,880.00","14,903.99",0,"1,065.10",784.67,280.43,"2,305.10","2,307.09","1,240.00","1,241.99"
"14,904.00","14,927.99",0,"1,064.10",784.67,279.43,"2,306.10","2,308.09","1,242.00","1,243.99"
"14,928.00","14,951.99",0,"1,063.10",784.67,278.43,"2,307.10","2,309.09","1,244.00","1,245.99"
"14,952.00","14,975.99",0,"1,062.10",784.67,277.43,"2,308.10","2,310.09","1,246.00","1,247.99"
"14,976.00","14,999.99",0,"1,061.10",784.67,276.43,"2,309.10","2,311.09","1,248.00","1,249.99"
"15,000.00","15,023.99",0,"1,060.10",784.67,275.43,"2,310.10","2,312.09","1,250.00","1,251.99"
"15,024.00","15,047.99",0,"1,059.10",784.67,274.43,"2,311.10","2,313.09","1,252.00","1,253.99"
"15,048.00","15,071.99",0,"1,058.10",784.67,273.43,"2,312.10","2,314.09","1,254.00","1,255.99"
"15,072.00","15,095.99",0,"1,057.10",784.67,272.43,"2,313.10","2,315.09","1,256.00","1,257.99"
"15,096.00","15,119.99",0,"1,056.10",784.67,271.43,"2,314.10","2,316.09","1,258.00","1,259.99"
"15,120.00","15,143.99",0,"1,055.10",784.67,270.43,"2,315.10","2,317.09","1,260.00","1,261.99"
"15,144.00","15,167.99",0,"1,054.10",784.67,269.43,"2,316.10","2,318.09","1,262.00","1,263.99"
"15,168.00","15,191.99",0,"1,053.10",784.67,268.43,"2,317.10","2,319.09","1,264.00","1,265.99"
"15,192.00","15,215.99",0,"1,052.10",784.67,267.43,"2,318.10","2,320.09","1,266.00","1,267.99"
"15,216.00","15,239.99",0,"1,051.10",784.67,266.43,"2,319.10","2,321.09","1,268.00","1,269.99"
"15,240.00","15,263.99",0,"1,050.10",784.67,265.43,"2,320.10","2,322.09","1,270.00","1,271.99"
"15,264.00","15,287.99",0,"1,049.10",784.67,264.43,"2,321.10","2,323.09","1,272.00","1,273.99"
"15,288.00","15,311.99",0,"1,048.10",784.67,263.43,"2,322.10","2,324.09","1,274.00","1,275.99"
"15,312.00","15,335.99",0,"1,047.10",784.67,262.43,"2,323.10","2,325.09","1,276.00","1,277.99"
"15,336.00","15,359.99",0,"1,046.10",784.67,261.43,"2,324.10","2,326.09","1,278.00","1,279.99"
"15,360.00","15,383.99",0,"1,045.10",784.67,260.43,"2,325.10","2,327.09","1,280.00","1,281.99"
"15,384.00","15,407.99",0,"1,044.10",784.67,259.43,"2,326.10","2,328.09","1,282.00","1,283.99"
"15,408.00","15,431.99",0,"1,043.10",784.67,258.43,"2,327.10","2,329.09","1,284.00","1,285.99"
"15,432.00","15,455.99",0,"1,042.10",784.67,257.43,"2,328.10","2,330.09","1,286.00","1,287.99"
"15,456.00","15,479.99",0,"1,041.10",784.67,256.43,"2,329.10","2,331.09","1,288.00","1,289.99"
"15,480.00","15,503.99",0,"1,040.10",784.67,255.43,"2,330.10","2,332.09","1,290.00","1,291.99"
"15,504.00","15,527.99",0,"1,039.10",784.67,254.43,"2,331.10","2,333.09","1,292.00","1,293.99"
"15,528.00","15,551.99",0,"1,038.10",784.67,253.43,"2,332.10","2,334.09","1,294.00","1,295.99"
"15,552.00","15,575.99",0,"1,037.10",784.67,252.43,"2,333.10","2,335.09","1,296.00","1,297.99"
"15,576.00","15,599.99",0,"1,036.10",784.67,251.43,"2,334.10","2,336.09","1,298.00","1,299.99"
"15,600.00","15,623.99",0,"1,035.10",784.67,250.43,"2,335.10","2,337.09","1,300.00","1,301.99"
"15,624.00","15,647.99",0,"1,034.10",784.67,249.43,"2,336.10","2,338.09","1,302.00","1,303.99"
"15,648.00","15,671.99",0,"1,033.10",784.67,248.43,"2,337.10","2,339.09","1,304.00","1,305.99"
"15,672.00","15,695.99",0,"1,032.10",784.67,247.43,"2,338.10","2,340.09","1,306.00","1,307.99"
"15,696.00","15,719.99",0,"1,031.10",784.67,246.43,"2,339.10","2,341.09","1,308.00","1,309.99"
"15,720.00","15,743.99",0,"1,030.10",784.67,245.43,"2,340.10","2,342.09","1,310.00","1,311.99"
"15,744.00","15,767.99",0,"1,029.10",784.67,244.43,"2,341.10","2,343.09","1,312.00","1,313.99"
"15,768.00","15,791.99",0,"1,028.10",784.67,243.43,"2,342.10","2,344.09","1,314.00","1,315.99"
"15,792.00","15,815.99",0,"1,027.10",784.67,242.43,"2,343.10","2,345.09","1,316.00","1,317.99"
"15,816.00","15,839.99",0,"1,026.10",784.67,241.43,"2,344.10","2,346.09","1,318.00","1,319.99"
"15,840.00","15,863.99",0,"1,025.10",784.67,240.43,"2,345.10","2,347.09","1,320.00","1,321.99"
"15,864.00","15,887.99",0,"1,024.10",784.67,239.43,"2,346.10","2,348.09","1,322.00","1,323.99"
"15,888.00","15,911.99",0,"1,023.10",784.67,238.43,"2,347.10","2,349.09","1,324.00","1,325.99"
"15,912.00","15,935.99",0,"1,022.10",784.67,237.43,"2,348.10","2,350.09","1,326.00","1,327.99"
"15,936.00","15,959.99",0,"1,021.10",784.67,236.43,"2,349.10","2,351.09","1,328.00","1,329.99"
"15,960.00","15,983.99",0,"1,020.10",784.67,235.43,"2,350.10","2,352.09","1,330.00","1,331.99"
"15,984.00","16,007.99",0,"1,019.10",784.67,234.43,"2,351.10","2,353.09","1,332.00","1,333.99"
"16,008.00","16,031.99",0,"1,018.10",784.67,233.43,"2,352.10","2,354.09","1,334.00","1,335.99"
"16,032.00","16,055.99",0,"1,017.10",784.67,232.43,"2,353.10","2,355.09","1,336.00","1,337.99"
"16,056.00","16,079.99",0,"1,016.10",784.67,231.43,"2,354.10","2,356.09","1,338.00","1,339.99"
"16,080.00","16,103.99",0,"1,015.10",784.67,230.43,"2,355.10","2,357.09","1,340.00","1,341.99"
"16,104.00","16,127.99",0,"1,014.10",784.67,229.43,"2,356.10","2,358.09","1,342.00","1,343.99"
"16,128.00","16,151.99",0,"1,013.10",784.67,228.43,"2,357.10","2,359.09","1,344.00","1,345.99"
"16,152.00","16,175.99",0,"1,012.10",784.67,227.43,"2,358.10","2,360.09","1,346.00","1,347.99"
"16,176.00","16,199.99",0,"1,011.10",784.67,226.43,"2,359.10","2,361.09","1,348.00","1,349.99"
"16,200.00","16,223.99",0,"1,010.10",784.67,225.43,"2,360.10","2,362.09","1,350.00","1,351.99"
"16,224.00","16,247.99",0,"1,009.10",784.67,224.43,"2,361.10","2,363.09","1,352.00","1,353.99"
"16,248.00","16,271.99",0,"1,008.10",784.67,223.43,"2,362.10","2,364.09","1,354.00","1,355.99"
"16,272.00","16,295.99",0,"1,007.10",784.67,222.43,"2,363.10","2,365.09","1,356.00","1,357.99"
"16,296.00","16,319.99",0,"1,006.10",784.67,221.43,"2,364.10","2,366.09","1,358.00","1,359.99"
"16,320.00","16,343.99",0,"1,005.10",784.67,220.43,"2,365.10","2,367.09","1,360.00","1,361.99"
"16,344.00","16,367.99",0,"1,004.10",784.67,219.43,"2,366.10","2,368.09","1,362.00","1,363.99"
"16,368.00","16,391.99",0,"1,003.10",784.67,218.43,"2,367.10","2,369.09","1,364.00","1,365.99"
"16,392.00","16,415.99",0,"1,002.10",784.67,217.43,"2,368.10","2,370.09","1,366.00","1,367.99"
"16,416.00","16,439.99",0,"1,001.10",784.67,216.43,"2,369.10","2,371.09","1,368.00","1,369.99"
"16,440.00","16,463.99",0,"1,000.10",784.67,215.43,"2,370.10","2,372.09","1,370.00","1,371.99"
"16,464.00","16,487.99",0,999.1,784.67,214.43,"2,371.10","2,373.09","1,372.00","1,373.99"
"16,488.00","16,511.99",0,998.1,784.67,213.43,"2,372.10","2,374.09","1,374.00","1,375.99"
"16,512.00","16,535.99",0,997.1,784.67,212.43,"2,373.10","2,375.09","1,376.00","1,377.99"
"16,536.00","16,559.99",0,996.1,784.67,211.43,"2,374.10","2,376.09","1,378.00","1,379.99"
"16,560.00","16,583.99",0,995.1,784.67,210.43,"2,375.10","2,377.09","1,380.00","1,381.99"
"16,584.00","16,607.99",0,994.1,784.67,209.43,"2,376.10","2,378.09","1,382.00","1,383.99"
"16,608.00","16,631.99",0,993.1,784.67,208.43,"2,377.10","2,379.09","1,384.00","1,385.99"
"16,632.00","16,655.99",0,992.1,784.67,207.43,"2,378.10","2,380.09","1,386.00","1,387.99"
"16,656.00","16,679.99",0,991.1,784.67,206.43,"2,379.10","2,381.09","1,388.00","1,389.99"
"16,680.00","16,703.99",0,990.1,784.67,205.43,"2,380.10","2,382.09","1,390.00","1,391.99"
"16,704.00","16,727.99",0,989.1,784.67,204.43,"2,381.10","2,383.09","1,392.00","1,393.99"
"16,728.00","16,751.99",0,988.1,784.67,203.43,"2,382.10","2,384.09","1,394.00","1,395.99"
"16,752.00","16,775.99",0,987.1,784.67,202.43,"2,383.10","2,385.09","1,396.00","1,397.99"
"16,776.00","16,799.99",0,986.1,784.67,201.43,"2,384.10","2,386.09","1,398.00","1,399.99"
"16,800.00","16,823.99",0,985.1,784.67,200.43,"2,385.10","2,387.09","1,400.00","1,401.99"
"16,824.00","16,847.99",0,984.1,784.67,199.43,"2,386.10","2,388.09","1,402.00","1,403.99"
"16,848.00","16,871.99",0,983.1,784.67,198.43,"2,387.10","2,389.09","1,404.00","1,405.99"
"16,872.00","16,895.99",0,982.1,784.67,197.43,"2,388.10","2,390.09","1,406.00","1,407.99"
"16,896.00","16,919.99",0,981.1,784.67,196.43,"2,389.10","2,391.09","1,408.00","1,409.99"
"16,920.00","16,943.99",0,980.1,784.67,195.43,"2,390.10","2,392.09","1,410.00","1,411.99"
"16,944.00","16,967.99",0,979.1,784.67,194.43,"2,391.10","2,393.09","1,412.00","1,413.99"
"16,968.00","16,991.99",0,978.1,784.67,193.43,"2,392.10","2,394.09","1,414.00","1,415.99"
"16,992.00","17,015.99",0,977.1,784.67,192.43,"2,393.10","2,395.09","1,416.00","1,417.99"
"17,016.00","17,039.99",0,976.1,784.67,191.43,"2,394.10","2,396.09","1,418.00","1,419.99"
"17,040.00","17,063.99",0,975.1,784.67,190.43,"2,395.10","2,397.09","1,420.00","1,421.99"
"17,064.00","17,087.99",0,974.1,784.67,189.43,"2,396.10","2,398.09","1,422.00","1,423.99"
"17,088.00","17,111.99",0,973.1,784.67,188.43,"2,397.10","2,399.09","1,424.00","1,425.99"
"17,112.00","17,135.99",0,972.1,784.67,187.43,"2,398.10","2,400.09","1,426.00","1,427.99"
"17,136.00","17,159.99",0,971.1,784.67,186.43,"2,399.10","2,401.09","1,428.00","1,429.99"
"17,160.00","17,183.99",0,970.1,784.67,185.43,"2,400.10","2,402.09","1,430.00","1,431.99"
"17,184.00","17,207.99",0,969.1,784.67,184.43,"2,401.10","2,403.09","1,432.00","1,433.99"
"17,208.00","17,231.99",0,968.1,784.67,183.43,"2,402.10","2,404.09","1,434.00","1,435.99"
"17,232.00","17,255.99",0,967.1,784.67,182.43,"2,403.10","2,405.09","1,436.00","1,437.99"
"17,256.00","17,279.99",0,966.1,784.67,181.43,"2,404.10","2,406.09","1,438.00","1,439.99"
"17,280.00","17,303.99",0,965.1,784.67,180.43,"2,405.10","2,407.09","1,440.00","1,441.99"
"17,304.00","17,327.99",0,964.1,784.67,179.43,"2,406.10","2,408.09","1,442.00","1,443.99"
"17,328.00","17,351.99",0,963.1,784.67,178.43,"2,407.10","2,409.09","1,444.00","1,445.99"
"17,352.00","17,375.99",0,962.1,784.67,177.43,"2,408.10","2,410.09","1,446.00","1,447.99"
"17,376.00","17,399.99",0,961.1,784.67,176.43,"2,409.10","2,411.09","1,448.00","1,449.99"
"17,400.00","17,423.99",0,960.1,784.67,175.43,"2,410.10","2,412.09","1,450.00","1,451.99"
"17,424.00","17,447.99",0,959.1,784.67,174.43,"2,411.10","2,413.09","1,452.00","1,453.99"
"17,448.00","17,471.99",0,958.1,784.67,173.43,"2,412.10","2,414.09","1,454.00","1,455.99"
"17,472.00","17,495.99",0,957.1,784.67,172.43,"2,413.10","2,415.09","1,456.00","1,457.99"
"17,496.00","17,519.99",0,956.1,784.67,171.43,"2,414.10","2,416.09","1,458.00","1,459.99"
"17,520.00","17,543.99",0,955.1,784.67,170.43,"2,415.10","2,417.09","1,460.00","1,461.99"
"17,544.00","17,567.99",0,954.1,784.67,169.43,"2,416.10","2,418.09","1,462.00","1,463.99"
"17,568.00","17,591.99",0,953.1,784.67,168.43,"2,417.10","2,419.09","1,464.00","1,465.99"
"17,592.00","17,615.99",0,952.1,784.67,167.43,"2,418.10","2,420.09","1,466.00","1,467.99"
"17,616.00","17,639.99",0,951.1,784.67,166.43,"2,419.10","2,421.09","1,468.00","1,469.99"
"17,640.00","17,663.99",0,950.1,784.67,165.43,"2,420.10","2,422.09","1,470.00","1,471.99"
"17,664.00","17,687.99",0,949.1,784.67,164.43,"2,421.10","2,423.09","1,472.00","1,473.99"
"17,688.00","17,711.99",0,948.1,784.67,163.43,"2,422.10","2,424.09","1,474.00","1,475.99"
"17,712.00","17,735.99",0,947.1,784.67,162.43,"2,423.10","2,425.09","1,476.00","1,477.99"
"17,736.00","17,759.99",0,946.1,784.67,161.43,"2,424.10","2,426.09","1,478.00","1,479.99"
"17,760.00","17,783.99",0,945.1,784.67,160.43,"2,425.10","2,427.09","1,480.00","1,481.99"
"17,784.00","17,807.99",0,944.1,784.67,159.43,"2,426.10","2,428.09","1,482.00","1,483.99"
"17,808.00","17,831.99",0,943.1,784.67,158.43,"2,427.10","2,429.09","1,484.00","1,485.99"
"17,832.00","17,855.99",0,942.1,784.67,157.43,"2,428.10","2,430.09","1,486.00","1,487.99"
"17,856.00","17,879.99",0,941.1,784.67,156.43,"2,429.10","2,431.09","1,488.00","1,489.99"
"17,880.00","17,903.99",0,940.1,784.67,155.43,"2,430.10","2,432.09","1,490.00","1,491.99"
"17,904.00","17,927.99",0,939.1,784.67,154.43,"2,431.10","2,433.09","1,492.00","1,493.99"
"17,928.00","17,951.99",0,938.1,784.67,153.43,"2,432.10","2,434.09","1,494.00","1,495.99"
"17,952.00","17,975.99",0,937.1,784.67,152.43,"2,433.10","2,435.09","1,496.00","1,497.99"
"17,976.00","17,999.99",0,936.1,784.67,151.43,"2,434.10","2,436.09","1,498.00","1,499.99"
"18,000.00","18,023.99",0,935.1,784.67,150.43,"2,435.10","2,437.09","1,500.00","1,501.99"
"18,024.00","18,047.99",0,934.1,784.67,149.43,"2,436.10","2,438.09","1,502.00","1,503.99"
"18,048.00","18,071.99",0,933.1,784.67,148.43,"2,437.10","2,439.09","1,504.00","1,505.99"
"18,072.00","18,095.99",0,932.1,784.67,147.43,"2,438.10","2,440.09","1,506.00","1,507.99"
"18,096.00","18,119.99",0,931.1,784.67,146.43,"2,439.10","2,441.09","1,508.00","1,509.99"
"18,120.00","18,143.99",0,930.1,784.67,145.43,"2,440.10","2,442.09","1,510.00","1,511.99"
"18,144.00","18,167.99",0,929.1,784.67,144.43,"2,441.10","2,443.09","1,512.00","1,513.99"
"18,168.00","18,191.99",0,928.1,784.67,143.43,"2,442.10","2,444.09","1,514.00","1,515.99"
"18,192.00","18,215.99",0,927.1,784.67,142.43,"2,443.10","2,445.09","1,516.00","1,517.99"
"18,216.00","18,239.99",0,926.1,784.67,141.43,"2,444.10","2,446.09","1,518.00","1,519.99"
"18,240.00","18,263.99",0,925.1,784.67,140.43,"2,445.10","2,447.09","1,520.00","1,521.99"
"18,264.00","18,287.99",0,924.1,784.67,139.43,"2,446.10","2,448.09","1,522.00","1,523.99"
"18,288.00","18,311.99",0,923.1,784.67,138.43,"2,447.10","2,449.09","1,524.00","1,525.99"
"18,312.00","18,335.99",0,922.1,784.67,137.43,"2,448.10","2,450.09","1,526.00","1,527.99"
"18,336.00","18,359.99",0,921.1,784.67,136.43,"2,449.10","2,451.09","1,528.00","1,529.99"
"18,360.00","18,383.99",0,920.1,784.67,135.43,"2,450.10","2,452.09","1,530.00","1,531.99"
"18,384.00","18,407.99",0,919.1,784.67,134.43,"2,451.10","2,453.09","1,532.00","1,533.99"
"18,408.00","18,431.99",0,918.1,784.67,133.43,"2,452.10","2,454.09","1,534.00","1,535.99"
"18,432.00","18,455.99",0,917.1,784.67,132.43,"2,453.10","2,455.09","1,536.00","1,537.99"
"18,456.00","18,479.99",0,916.1,784.67,131.43,"2,454.10","2,456.09","1,538.00","1,539.99"
"18,480.00","18,503.99",0,915.1,784.67,130.43,"2,455.10","2,457.09","1,540.00","1,541.99"
"18,504.00","18,527.99",0,914.1,784.67,129.43,"2,456.10","2,458.09","1,542.00","1,543.99"
"18,528.00","18,551.99",0,913.1,784.67,128.43,"2,457.10","2,459.09","1,544.00","1,545.99"
"18,552.00","18,575.99",0,912.1,784.67,127.43,"2,458.10","2,460.09","1,546.00","1,547.99"
"18,576.00","18,599.99",0,911.1,784.67,126.43,"2,459.10","2,461.09","1,548.00","1,549.99"
"18,600.00","18,623.99",0,910.1,784.67,125.43,"2,460.10","2,462.09","1,550.00","1,551.99"
"18,624.00","18,647.99",0,909.1,784.67,124.43,"2,461.10","2,463.09","1,552.00","1,553.99"
"18,648.00","18,671.99",0,908.1,784.67,123.43,"2,462.10","2,464.09","1,554.00","1,555.99"
"18,672.00","18,695.99",0,907.1,784.67,122.43,"2,463.10","2,465.09","1,556.00","1,557.99"
"18,696.00","18,719.99",0,906.1,784.67,121.43,"2,464.10","2,466.09","1,558.00","1,559.99"
"18,720.00","18,743.99",0,905.1,784.67,120.43,"2,465.10","2,467.09","1,560.00","1,561.99"
"18,744.00","18,767.99",0,904.1,784.67,119.43,"2,466.10","2,468.09","1,562.00","1,563.99"
"18,768.00","18,791.99",0,903.1,784.67,118.43,"2,467.10","2,469.09","1,564.00","1,565.99"
"18,792.00","18,815.99",0,902.1,784.67,117.43,"2,468.10","2,470.09","1,566.00","1,567.99"
"18,816.00","18,839.99",0,901.1,784.67,116.43,"2,469.10","2,471.09","1,568.00","1,569.99"
"18,840.00","18,863.99",0,900.1,784.67,115.43,"2,470.10","2,472.09","1,570.00","1,571.99"
"18,864.00","18,887.99",0,899.1,784.67,114.43,"2,471.10","2,473.09","1,572.00","1,573.99"
"18,888.00","18,911.99",0,898.1,784.67,113.43,"2,472.10","2,474.09","1,574.00","1,575.99"
"18,912.00","18,935.99",0,897.1,784.67,112.43,"2,473.10","2,475.09","1,576.00","1,577.99"
"18,936.00","18,959.99",0,896.1,784.67,111.43,"2,474.10","2,476.09","1,578.00","1,579.99"
"18,960.00","18,983.99",0,895.1,784.67,110.43,"2,475.10","2,477.09","1,580.00","1,581.99"
"18,984.00","19,007.99",0,894.1,784.67,109.43,"2,476.10","2,478.09","1,582.00","1,583.99"
"19,008.00","19,031.99",0,893.1,784.67,108.43,"2,477.10","2,479.09","1,584.00","1,585.99"
"19,032.00","19,055.99",0,892.1,784.67,107.43,"2,478.10","2,480.09","1,586.00","1,587.99"
"19,056.00","19,079.99",0,891.1,784.67,106.43,"2,479.10","2,481.09","1,588.00","1,589.99"
"19,080.00","19,103.99",0,890.1,784.67,105.43,"2,480.10","2,482.09","1,590.00","1,591.99"
"19,104.00","19,127.99",0,889.1,784.67,104.43,"2,481.10","2,483.09","1,592.00","1,593.99"
"19,128.00","19,151.99",0,888.1,784.67,103.43,"2,482.10","2,484.09","1,594.00","1,595.99"
"19,152.00","19,175.99",0,887.1,784.67,102.43,"2,483.10","2,485.09","1,596.00","1,597.99"
"19,176.00","19,199.99",0,886.1,784.67,101.43,"2,484.10","2,486.09","1,598.00","1,599.99"
"19,200.00","19,223.99",0,885.1,784.67,100.43,"2,485.10","2,487.09","1,600.00","1,601.99"
"19,224.00","19,247.99",0,884.1,784.67,99.43,"2,486.10","2,488.09","1,602.00","1,603.99"
"19,248.00","19,271.99",0,883.1,784.67,98.43,"2,487.10","2,489.09","1,604.00","1,605.99"
"19,272.00","19,295.99",0,882.1,784.67,97.43,"2,488.10","2,490.09","1,606.00","1,607.99"
"19,296.00","19,319.99",0,881.1,784.67,96.43,"2,489.10","2,491.09","1,608.00","1,609.99"
"19,320.00","19,343.99",0,880.1,784.67,95.43,"2,490.10","2,492.09","1,610.00","1,611.99"
"19,344.00","19,367.99",0,879.1,784.67,94.43,"2,491.10","2,493.09","1,612.00","1,613.99"
"19,368.00","19,391.99",0,878.1,784.67,93.43,"2,492.10","2,494.09","1,614.00","1,615.99"
"19,392.00","19,415.99",0,877.1,784.67,92.43,"2,493.10","2,495.09","1,616.00","1,617.99"
"19,416.00","19,439.99",0,876.1,784.67,91.43,"2,494.10","2,496.09","1,618.00","1,619.99"
"19,440.00","19,463.99",0,875.1,784.67,90.43,"2,495.10","2,497.09","1,620.00","1,621.99"
"19,464.00","19,487.99",0,874.1,784.67,89.43,"2,496.10","2,498.09","1,622.00","1,623.99"
"19,488.00","19,511.99",0,873.1,784.67,88.43,"2,497.10","2,499.09","1,624.00","1,625.99"
"19,512.00","19,535.99",0,872.1,784.67,87.43,"2,498.10","2,500.09","1,626.00","1,627.99"
"19,536.00","19,559.99",0,871.1,784.67,86.43,"2,499.10","2,501.09","1,628.00","1,629.99"
"19,560.00","19,583.99",0,870.1,784.67,85.43,"2,500.10","2,502.09","1,630.00","1,631.99"
"19,584.00","19,607.99",0,869.1,784.67,84.43,"2,501.10","2,503.09","1,632.00","1,633.99"
"19,608.00","19,631.99",0,868.1,784.67,83.43,"2,502.10","2,504.09","1,634.00","1,635.99"
"19,632.00","19,655.99",0,867.1,784.67,82.43,"2,503.10","2,505.09","1,636.00","1,637.99"
"19,656.00","19,679.99",0,866.1,784.67,81.43,"2,504.10","2,506.09","1,638.00","1,639.99"
"19,680.00","19,703.99",0,865.1,784.67,80.43,"2,505.10","2,507.09","1,640.00","1,641.99"
"19,704.00","19,727.99",0,864.1,784.67,79.43,"2,506.10","2,508.09","1,642.00","1,643.99"
"19,728.00","19,751.99",0,863.1,784.67,78.43,"2,507.10","2,509.09","1,644.00","1,645.99"
"19,752.00","19,775.99",0,862.1,784.67,77.43,"2,508.10","2,510.09","1,646.00","1,647.99"
"19,776.00","19,799.99",0,861.1,784.67,76.43,"2,509.10","2,511.09","1,648.00","1,649.99"
"19,800.00","19,823.99",0,860.1,784.67,75.43,"2,510.10","2,512.09","1,650.00","1,651.99"
"19,824.00","19,847.99",0,859.1,784.67,74.43,"2,511.10","2,513.09","1,652.00","1,653.99"
"19,848.00","19,871.99",0,858.1,784.67,73.43,"2,512.10","2,514.09","1,654.00","1,655.99"
"19,872.00","19,895.99",0,857.1,784.67,72.43,"2,513.10","2,515.09","1,656.00","1,657.99"
"19,896.00","19,919.99",0,856.1,784.67,71.43,"2,514.10","2,516.09","1,658.00","1,659.99"
"19,920.00","19,943.99",0,855.1,784.67,70.43,"2,515.10","2,517.09","1,660.00","1,661.99"
"19,944.00","19,967.99",0,854.1,784.67,69.43,"2,516.10","2,518.09","1,662.00","1,663.99"
"19,968.00","19,991.99",0,853.1,784.67,68.43,"2,517.10","2,519.09","1,664.00","1,665.99"
"19,992.00","20,015.99",0,852.1,784.67,67.43,"2,518.10","2,520.09","1,666.00","1,667.99"
"20,016.00","20,039.99",0,851.1,784.67,66.43,"2,519.10","2,521.09","1,668.00","1,669.99"
"20,040.00","20,063.99",0,850.1,784.67,65.43,"2,520.10","2,522.09","1,670.00","1,671.99"
"20,064.00","20,087.99",0,849.1,784.67,64.43,"2,521.10","2,523.09","1,672.00","1,673.99"
"20,088.00","20,111.99",0,848.1,784.67,63.43,"2,522.10","2,524.09","1,674.00","1,675.99"
"20,112.00","20,135.99",0,847.1,784.67,62.43,"2,523.10","2,525.09","1,676.00","1,677.99"
"20,136.00","20,159.99",0,846.1,784.67,61.43,"2,524.10","2,526.09","1,678.00","1,679.99"
"20,160.00","20,183.99",0,845.1,784.67,60.43,"2,525.10","2,527.09","1,680.00","1,681.99"
"20,184.00","20,207.99",0,844.1,784.67,59.43,"2,526.10","2,528.09","1,682.00","1,683.99"
"20,208.00","20,231.99",0,843.1,784.67,58.43,"2,527.10","2,529.09","1,684.00","1,685.99"
"20,232.00","20,255.99",0,842.1,784.67,57.43,"2,528.10","2,530.09","1,686.00","1,687.99"
"20,256.00","20,279.99",0,841.1,784.67,56.43,"2,529.10","2,531.09","1,688.00","1,689.99"
"20,280.00","20,303.99",0,840.1,784.67,55.43,"2,530.10","2,532.09","1,690.00","1,691.99"
"20,304.00","20,327.99",0,839.1,784.67,54.43,"2,531.10","2,533.09","1,692.00","1,693.99"
"20,328.00","20,351.99",0,838.1,784.67,53.43,"2,532.10","2,534.09","1,694.00","1,695.99"
"20,352.00","20,375.99",0,837.1,784.67,52.43,"2,533.10","2,535.09","1,696.00","1,697.99"
"20,376.00","20,399.99",0,836.1,784.67,51.43,"2,534.10","2,536.09","1,698.00","1,699.99"
"20,400.00","20,423.99",0,835.1,784.67,50.43,"2,535.10","2,537.09","1,700.00","1,701.99"
"20,424.00","20,447.99",0,834.1,784.67,49.43,"2,536.10","2,538.09","1,702.00","1,703.99"
"20,448.00","20,471.99",0,833.1,784.67,48.43,"2,537.10","2,539.09","1,704.00","1,705.99"
"20,472.00","20,495.99",0,832.1,784.67,47.43,"2,538.10","2,540.09","1,706.00","1,707.99"
"20,496.00","20,519.99",0,831.1,784.67,46.43,"2,539.10","2,541.09","1,708.00","1,709.99"
"20,520.00","20,543.99",0,830.1,784.67,45.43,"2,540.10","2,542.09","1,710.00","1,711.99"
"20,544.00","20,567.99",0,829.1,784.67,44.43,"2,541.10","2,543.09","1,712.00","1,713.99"
"20,568.00","20,591.99",0,828.1,784.67,43.43,"2,542.10","2,544.09","1,714.00","1,715.99"
"20,592.00","20,615.99",0,827.1,784.67,42.43,"2,543.10","2,545.09","1,716.00","1,717.99"
"20,616.00","20,639.99",0,826.1,784.67,41.43,"2,544.10","2,546.09","1,718.00","1,719.99"
"20,640.00","20,663.99",0,825.1,784.67,40.43,"2,545.10","2,547.09","1,720.00","1,721.99"
"20,664.00","20,687.99",0,824.1,784.67,39.43,"2,546.10","2,548.09","1,722.00","1,723.99"
"20,688.00","20,711.99",0,823.1,784.67,38.43,"2,547.10","2,549.09","1,724.00","1,725.99"
"20,712.00","20,735.99",0,822.1,784.67,37.43,"2,548.10","2,550.09","1,726.00","1,727.99"
"20,736.00","20,759.99",0,821.1,784.67,36.43,"2,549.10","2,551.09","1,728.00","1,729.99"
"20,760.00","20,783.99",0,820.1,784.67,35.43,"2,550.10","2,552.09","1,730.00","1,731.99"
"20,784.00","20,807.99",0,819.1,784.67,34.43,"2,551.10","2,553.09","1,732.00","1,733.99"
"20,808.00","20,831.99",0,818.1,784.67,33.43,"2,552.10","2,554.09","1,734.00","1,735.99"
"20,832.00","20,855.99",0,817.1,784.67,32.43,"2,553.10","2,555.09","1,736.00","1,737.99"
"20,856.00","20,879.99",0,816.1,784.67,31.43,"2,554.10","2,556.09","1,738.00","1,739.99"
"20,880.00","20,903.99",0,815.1,784.67,30.43,"2,555.10","2,557.09","1,740.00","1,741.99"
"20,904.00","20,927.99",0,814.1,784.67,29.43,"2,556.10","2,558.09","1,742.00","1,743.99"
"20,928.00","20,951.99",0,813.1,784.67,28.43,"2,557.10","2,559.09","1,744.00","1,745.99"
"20,952.00","20,975.99",0,812.1,784.67,27.43,"2,558.10","2,560.09","1,746.00","1,747.99"
"20,976.00","20,999.99",0,811.1,784.67,26.43,"2,559.10","2,561.09","1,748.00","1,749.99"
"21,000.00","21,023.99",0,810.1,784.67,25.43,"2,560.10","2,562.09","1,750.00","1,751.99"
"21,024.00","21,047.99",0,809.1,784.67,24.43,"2,561.10","2,563.09","1,752.00","1,753.99"
"21,048.00","21,071.99",0,808.1,784.67,23.43,"2,562.10","2,564.09","1,754.00","1,755.99"
"21,072.00","21,095.99",0,807.1,784.67,22.43,"2,563.10","2,565.09","1,756.00","1,757.99"
"21,096.00","21,119.99",0,806.1,784.67,21.43,"2,564.10","2,566.09","1,758.00","1,759.99"
"21,120.00","21,143.99",0,805.1,784.67,20.43,"2,565.10","2,567.09","1,760.00","1,761.99"
"21,144.00","21,167.99",0,804.1,784.67,19.43,"2,566.10","2,568.09","1,762.00","1,763.99"
"21,168.00","21,191.99",0,803.1,784.67,18.43,"2,567.10","2,569.09","1,764.00","1,765.99"
"21,192.00","21,215.99",0,802.1,784.67,17.43,"2,568.10","2,570.09","1,766.00","1,767.99"
"21,216.00","21,239.99",0,801.1,784.67,16.43,"2,569.10","2,571.09","1,768.00","1,769.99"
"21,240.00","21,263.99",0,800.1,784.67,15.43,"2,570.10","2,572.09","1,770.00","1,771.99"
"21,264.00","21,287.99",0,799.1,784.67,14.43,"2,571.10","2,573.09","1,772.00","1,773.99"
"21,288.00","21,311.99",0,798.1,784.67,13.43,"2,572.10","2,574.09","1,774.00","1,775.99"
"21,312.00","21,335.99",0,797.1,784.67,12.43,"2,573.10","2,575.09","1,776.00","1,777.99"
"21,336.00","21,359.99",0,796.1,784.67,11.43,"2,574.10","2,576.09","1,778.00","1,779.99"
"21,360.00","21,383.99",0,795.1,784.67,10.43,"2,575.10","2,577.09","1,780.00","1,781.99"
"21,384.00","21,407.99",0,794.1,784.67,9.43,"2,576.10","2,578.09","1,782.00","1,783.99"
"21,408.00","21,431.99",0,793.1,784.67,8.43,"2,577.10","2,579.09","1,784.00","1,785.99"
"21,432.00","21,455.99",0,792.1,784.67,7.43,"2,578.10","2,580.09","1,786.00","1,787.99"
"21,456.00","21,479.99",0,791.1,784.67,6.43,"2,579.10","2,581.09","1,788.00","1,789.99"
"21,480.00","21,503.99",0,790.1,784.67,5.43,"2,580.10","2,582.09","1,790.00","1,791.99"
"21,504.00","21,527.99",0,789.1,784.67,4.43,"2,581.10","2,583.09","1,792.00","1,793.99"
"21,528.00","21,551.99",0,788.1,784.67,3.43,"2,582.10","2,584.09","1,794.00","1,795.99"
"21,552.00","21,575.99",0,787.1,784.67,2.43,"2,583.10","2,585.09","1,796.00","1,797.99"
"21,576.00","21,599.99",0,786.1,784.67,1.43,"2,584.10","2,586.09","1,798.00","1,799.99"
"21,600.00","21,623.99",0,785.1,784.67,0.43,"2,585.10","2,587.09","1,800.00","1,801.99"
